[16Mar2025 04:54:15.447] [main/INFO] [cpw.mods.modlauncher.Launcher/MODLAUNCHER]: ModLauncher running: args [--launchTarget, forgeserver, --fml.forgeVersion, 47.3.0, --fml.mcVersion, 1.20.1, --fml.forgeGroup, net.minecraftforge, --fml.mcpVersion, 20230612.114412, nogui]
[16Mar2025 04:54:15.452] [main/INFO] [cpw.mods.modlauncher.Launcher/MODLAUNCHER]: ModLauncher 10.0.9+10.0.9+main.dcd20f30 starting: java version 17.0.14 by Ubuntu; OS Linux arch amd64 version 6.8.0-1021-azure
[16Mar2025 04:54:18.746] [main/INFO] [net.minecraftforge.fml.loading.ImmediateWindowHandler/]: ImmediateWindowProvider not loading because launch target is forgeserver
[16Mar2025 04:54:18.897] [main/INFO] [mixin/]: SpongePowered MIXIN Subsystem Version=0.8.5 Source=union:/workspaces/Minecraft-Dinosaurios/servidor_minecraft/libraries/org/spongepowered/mixin/0.8.5/mixin-0.8.5.jar%2365!/ Service=ModLauncher Env=SERVER
[16Mar2025 04:54:19.721] [main/WARN] [net.minecraftforge.fml.loading.moddiscovery.ModFileParser/LOADING]: Mod file /workspaces/Minecraft-Dinosaurios/servidor_minecraft/libraries/net/minecraftforge/fmlcore/1.20.1-47.3.0/fmlcore-1.20.1-47.3.0.jar is missing mods.toml file
[16Mar2025 04:54:19.723] [main/WARN] [net.minecraftforge.fml.loading.moddiscovery.ModFileParser/LOADING]: Mod file /workspaces/Minecraft-Dinosaurios/servidor_minecraft/libraries/net/minecraftforge/javafmllanguage/1.20.1-47.3.0/javafmllanguage-1.20.1-47.3.0.jar is missing mods.toml file
[16Mar2025 04:54:19.724] [main/WARN] [net.minecraftforge.fml.loading.moddiscovery.ModFileParser/LOADING]: Mod file /workspaces/Minecraft-Dinosaurios/servidor_minecraft/libraries/net/minecraftforge/lowcodelanguage/1.20.1-47.3.0/lowcodelanguage-1.20.1-47.3.0.jar is missing mods.toml file
[16Mar2025 04:54:19.724] [main/WARN] [net.minecraftforge.fml.loading.moddiscovery.ModFileParser/LOADING]: Mod file /workspaces/Minecraft-Dinosaurios/servidor_minecraft/libraries/net/minecraftforge/mclanguage/1.20.1-47.3.0/mclanguage-1.20.1-47.3.0.jar is missing mods.toml file
[16Mar2025 04:54:20.409] [main/WARN] [net.minecraftforge.jarjar.selection.JarSelector/]: Attempted to select two dependency jars from JarJar which have the same identification: Mod File:  and Mod File: . Using Mod File: 
[16Mar2025 04:54:20.411] [main/INFO] [net.minecraftforge.fml.loading.moddiscovery.JarInJarDependencyLocator/]: Found 26 dependencies adding them to mods collection
[16Mar2025 04:54:26.596] [main/INFO] [mixin/]: Compatibility level set to JAVA_17
[16Mar2025 04:54:27.062] [main/ERROR] [mixin/]: Mixin config finsandtails.mixins.json does not specify "minVersion" property
[16Mar2025 04:54:27.523] [main/INFO] [mixin/]: Successfully loaded Mixin Connector [com.sonicether.soundphysics.MixinConnector]
[16Mar2025 04:54:27.526] [main/INFO] [cpw.mods.modlauncher.LaunchServiceHandler/MODLAUNCHER]: Launching target 'forgeserver' with arguments [nogui]
[16Mar2025 04:54:27.682] [main/INFO] [ModernFix/]: Loaded configuration file for ModernFix 5.20.2+mc1.20.1: 87 options available, 0 override(s) found
[16Mar2025 04:54:27.683] [main/INFO] [ModernFix/]: Applying Nashorn fix
[16Mar2025 04:54:27.708] [main/INFO] [ModernFix/]: Applied Forge config corruption patch
[16Mar2025 04:54:28.180] [main/INFO] [portb.transformerlib.TransformerLib/]: Loaded transformer transformers/vanilla.xml
[16Mar2025 04:54:28.183] [main/INFO] [portb.transformerlib.TransformerLib/]: Loaded transformer transformers/gregtechmodernce.xml
[16Mar2025 04:54:28.185] [main/INFO] [portb.transformerlib.TransformerLib/]: Loaded transformer transformers/assortedstorage.xml
[16Mar2025 04:54:28.186] [main/INFO] [portb.transformerlib.TransformerLib/]: Loaded transformer transformers/refinedstorage.xml
[16Mar2025 04:54:28.187] [main/INFO] [portb.transformerlib.TransformerLib/]: Loaded transformer transformers/ic2.xml
[16Mar2025 04:54:28.188] [main/INFO] [portb.transformerlib.TransformerLib/]: Loaded transformer transformers/computercraft.xml
[16Mar2025 04:54:28.190] [main/INFO] [portb.transformerlib.TransformerLib/]: Loaded transformer transformers/mekanism.xml
[16Mar2025 04:54:28.192] [main/INFO] [portb.transformerlib.TransformerLib/]: Loaded transformer transformers/ironfurnaces.xml
[16Mar2025 04:54:28.243] [main/WARN] [mixin/]: Reference map 'yungsextras.refmap.json' for yungsextras.mixins.json could not be read. If this is a development environment you can ignore this message
[16Mar2025 04:54:28.247] [main/WARN] [mixin/]: Reference map 'yungsextras.refmap.json' for yungsextras_forge.mixins.json could not be read. If this is a development environment you can ignore this message
[16Mar2025 04:54:28.356] [main/INFO] [Radium Config/]: Loaded configuration file for Radium: 125 options available, 1 override(s) found
[16Mar2025 04:54:28.597] [main/INFO] [Puzzles Lib/]: Loading 231 mods:
	- additionalstructures 4.2.2
	- advancementplaques 1.6.9
	- ageofweapons 1.3.2b
	- aiimprovements 0.5.2
	- alexscaves 2.0.2
	- alexsmobs 1.22.9
	- alltheleaks 0.1.0-beta+1.20.1-forge
		\-- mixinsquared 0.2.0
	- alternate_current 1.7.0
	- amendments 1.20-1.2.19
	- animal_armor_trims 1.0.0
	- animal_feeding_trough 1.1.0+1.20.1-forge
	- aquaculture 2.5.4
	- aquamirae 6.API15
	- architectury 9.2.14
	- attributefix 21.0.4
	- automessage 2.2.0
	- bagus_lib 1.20.1-5.3.0
	- balm 7.3.18
		\-- kuma_api 20.1.9-SNAPSHOT
	- beb 2.0.0
	- betterarcheology 1.2.1-1.20.1
	- betterburning 9.0.2
	- betterdeserttemples 1.20-Forge-3.0.3
	- betterdungeons 1.20-Forge-4.0.4
	- betterendisland 1.20-Forge-2.0.6
	- betterfortresses 1.20-Forge-2.0.6
	- betterfpsdist 1.20.1-6.0
	- betterjungletemples 1.20-Forge-2.0.5
	- bettermineshafts 1.20-Forge-4.0.4
	- betteroceanmonuments 1.20-Forge-3.0.4
	- betterstrongholds 1.20-Forge-4.0.3
	- betterwitchhuts 1.20-Forge-3.0.3
	- biggerstacks 1.20.1-1.0.0
	- biomesoplenty 18.0.0.592
	- blueprint 7.1.2
	- boatbreakfix 1.0.2
	- bookshelf 20.2.13
	- carryon 2.1.2.7
		\-- mixinextras 0.2.0-beta.6
	- cataclysm 2.58
	- chocobos 1.2
	- chunkloaders 1.2.8a
	- chunksending 1.20.1-2.8
	- citadel 2.6.1
	- cleanswing 1.8
	- cloth_config 11.1.136
	- clumps 12.0.0.4
	- collective 7.94
	- colourfulearth 1.20.1-2.1
	- comforts 6.4.0+1.20.1
	- connectedglass 1.1.12
	- connectivity 1.20.1-7.1
	- crabclaws 1.2.0
	- craftingtweaks 18.2.5
	- creativecore 2.12.31
	- cristellib 1.1.6
	- cupboard 1.20.1-2.7
	- curios 5.12.1+1.20.1
	- danger_close 3.1.1
	- days_in_the_middle_ages 0.0.5
	- deeperdarker 1.3.3
	- despawn_tweaker 1.20.1-1.0.0
	- deuf 1.20.1-1.3
	- diagonalfences 8.1.5
	- diagonalwalls 8.0.4
	- diagonalwindows 8.1.5
		\-- diagonalblocks 8.0.6
	- disenchanting_table 4.0.0
	- doubledoors 6.2
	- dragonseeker 1.2.0-1.20.1
	- dummmmmmy 1.20-2.0.6
	- dungeoncrawl 2.3.15
	- dungeonnowloading 1.5
	- easy_villagers 1.20.1-1.1.23
	- easyanvils 8.0.2
	- eat_an_omelette 1.5.0
	- ecologics 2.2.0
	- elysium_api 1.0.2
	- ender_pack 2.2.0
	- epicpowerbracelets 1.1.0
	- explorerscompass 1.20.1-1.3.3-forge
	- farmers_structures 1.0.0
	- farmersdelight 1.20.1-1.2.7
	- fastasyncworldsave 1.20.1-2.3
	- ferritecore 6.0.1
	- feur_extension_desert 1.2.4
	- feur_extension_fossil 1.2.6
	- finsandtails 1.20.1-1.1.5
	- forge 47.3.0
	- framework 0.7.12
	- ftblibrary 2001.2.9
	- ftbquests 2001.4.12
	- ftbteams 2001.3.1
	- ftbxmodcompat 2.1.2
	- fusion 1.2.4
	- galosphere 1.20.1-1.4.1
	- geckolib 4.7
	- goblintraders 1.9.3
	- golden_foods 2.4.0
	- healthy_water 1.0.1
	- highlighter 1.1.9
	- hunters_return 1.20.1-11.7.0
	- iceandfire 2.1.13-1.20.1
	- iceberg 1.1.25
	- illagerinvasion 8.0.7
	- inventorysorter 23.0.8
	- ironchest 1.20.1-14.4.4
	- itemfilters 2001.1.0-build.59
	- jade 11.12.3+forge
	- jearchaeology 1.20.1-1.0.4
	- jei 15.20.0.106
	- jeresources 1.4.0.247
	- journeymap 5.10.3
	- kiwi 11.8.29+forge
	- kleeslabs 15.0.6
	- kobolds 2.12.0
	- konkrete 1.8.0
	- kotlinforforge 4.11.0
	- krypton 0.2.3
	- leather_to_rabbit_hide 1
	- lionfishapi 2.4-Fix
	- loadingbackgrounds 1.5.0
	- longer_following_time 1.0.0
	- lootr 0.7.35.90
	- mavapi 1.1.4
	- mavm 1.2.6
	- mcwbridges 3.0.0
	- mcwfences 1.1.2
	- mcwpaths 1.1.0
	- mcwroofs 2.3.1
	- medieval_buildings 1.0.2
	- medieval_craft_structures 2.0.1
	- medieval_craft_weapons 1.0.0
	- medieval_deco 1.2
	- medieval_paintings 7.0
	- medievalend 1.0.1
	- melody 1.0.2
	- memorysettings 1.20.1-5.9
	- minecraft 1.20.1
	- mob_drops_recipes_nether 2.1.1
	- mobdropsrecipes_end 1.0.1
	- mobdropsrecipes_overworld 2.0.0
	- modernfix 5.20.2+mc1.20.1
	- monolib 2.0.0
	- moonlight 1.20-2.13.71
	- more_beautiful_torches 3.0.0
	- more_bows_and_arrows 4.0.0
	- more_useful_copper 2.0.0
	- naturescompass 1.20.1-1.11.2-forge
	- necronomicon 1.6.0
	- neruina 2.1.2
	- netherchested 8.0.4
		|-- puzzlesaccessapi 8.0.9
		\-- puzzlesapi 8.1.7
	- netherdepthsupgrade 3.1.5-1.20
	- netherexp 2.2.1
	- netherportalfix 13.0.1
	- nethersdelight 1.20.1-4.0
	- new_shield_variants 2.0.0
	- new_slab_variants 3.0.1
	- nochatreports 1.20.1-v2.2.2
	- noisium 2.3.0+mc1.20-1.20.1
	- nyfsspiders 2.1.1
	- obscure_api 15
	- oceansdelight 1.0.2-1.20
	- oddorganisms 1.20.1-0.3.1
	- onlyhammersandexcavators 1.20.1-0.3
	- overclocked_watches 1.1.0
	- palegarden 1.0.7
	- patchouli 1.20.1-84.1-FORGE
	- peaceful_hunger 1.0.0
	- pickaxetrims 1.0.1
	- placebo 8.6.3
	- playerrevive 2.0.31
	- polymorph 0.49.8+1.20.1
		\-- spectrelib 0.13.17+1.20.1
	- puzzleslib 8.1.25
	- questsadditions 1.4.7
	- radium 0.12.4+git.26c9d8e
	- refurbished_furniture 1.0.12
	- rightclickharvest 3.2.3+1.20.1-forge
	- seafarer 1.0.4
	- searchables 1.0.3
	- sit 1.3.5
	- smoothchunk 1.20.1-4.0
	- snifferplus 0.3.0
	- snowrealmagic 10.5.2
		|-- fabric_api_base 0.4.31+ef105b4977
		|-- fabric_renderer_api_v1 3.2.1+1d29b44577
		\-- fabric_renderer_indigo 1.5.2+b5b2da4177
	- snowundertrees 1.4.9
	- sophisticatedbackpacks 3.23.6.1210
	- sophisticatedcore 1.2.22.901
	- sound_physics_remastered 1.20.1-1.4.8
	- spark 1.10.53
	- spyglass_improvements 1.5+mc1.20+forge
	- stackable_stew_and_soup 2.0.1
	- stackrefill 4.6
	- stalwart_dungeons 1.2.8
	- starterkit 7.3
	- startinv 1.0.0
	- stoneworks 8.0.0
	- structureessentials 1.20.1-4.3
	- supermartijn642configlib 1.1.8
	- supermartijn642corelib 1.1.18
	- t_and_t 0.0NONE
	- terrablender 3.0.1.7
	- theorcs 1.0-FORGE-1.20.x
	- timeondisplay 2.0.0
	- tombstone 8.9.2
	- toolbelt 1.20.02
	- treechop 0.19.0
	- trimeffects 2.1.2
	- tumbleweed 0.5.5
	- twilightforest 4.3.2508
	- universalbonemeal 8.0.1
	- unusualfishmod 1.1.8
	- unusualprehistory 1.5.0.3
	- upgrade_aquatic 6.0.2
	- visuality 2.0.2
	- visualworkbench 8.0.0
	- waystones 14.1.11
	- weaponmaster_ydm 4.2.3
	- wider_ender_chests 1.0.3
	- wstweaks 9.1.0
	- xercapaint 1.20.1-1.0.1
	- xpbook 2.2.1
	- yungsapi 1.20-Forge-4.0.6
	- yungsbridges 1.20-Forge-4.0.3
	- yungsextras 1.20-Forge-4.0.3
[16Mar2025 04:54:28.621] [main/WARN] [mixin/]: Reference map 'Aquamirae.refmap.json' for aquamirae.mixins.json could not be read. If this is a development environment you can ignore this message
[16Mar2025 04:54:28.629] [main/WARN] [mixin/]: Reference map 'cristellib-forge-refmap.json' for cristellib.mixins.json could not be read. If this is a development environment you can ignore this message
[16Mar2025 04:54:28.696] [main/WARN] [mixin/]: Reference map 'finsandtails.refmap.json' for finsandtails.mixins.json could not be read. If this is a development environment you can ignore this message
[16Mar2025 04:54:28.967] [main/WARN] [mixin/]: Reference map 'netherdepthsupgrade.refmap.json' for netherdepthsupgrade.mixins.json could not be read. If this is a development environment you can ignore this message
[16Mar2025 04:54:29.056] [main/WARN] [mixin/]: Reference map 'more_beautiful_torches.refmap.json' for forge-more_beautiful_torches.forge.mixins.json could not be read. If this is a development environment you can ignore this message
[16Mar2025 04:54:30.059] [main/INFO] [net.minecraftforge.coremod.CoreMod.placebo/COREMODLOG]: Patching IForgeItemStack#getEnchantmentLevel
[16Mar2025 04:54:30.073] [main/INFO] [net.minecraftforge.coremod.CoreMod.placebo/COREMODLOG]: Patching IForgeItemStack#getEnchantmentLevel
[16Mar2025 04:54:30.344] [main/WARN] [mixin/]: Error loading class: sereneseasons/season/RandomUpdateHandler (java.lang.ClassNotFoundException: sereneseasons.season.RandomUpdateHandler)
[16Mar2025 04:54:30.344] [main/WARN] [mixin/]: @Mixin target sereneseasons.season.RandomUpdateHandler was not found snowrealmagic.mixins.json:sereneseasons.RandomUpdateHandlerMixin
[16Mar2025 04:54:30.669] [main/WARN] [Radium Config/]: Force-disabling mixin 'alloc.blockstate.StateMixin' as option 'mixin.alloc.blockstate' (added by mods [ferritecore]) disables it and children
[16Mar2025 04:54:31.213] [main/INFO] [dev.uncandango.alltheleaks.AllTheLeaks/]: Skipping issue ItemStackCreationStatistics from mod jei as it's dev only!
[16Mar2025 04:54:31.214] [main/INFO] [dev.uncandango.alltheleaks.AllTheLeaks/]: Class dev.uncandango.alltheleaks.leaks.common.mods.travelersbackpack.UntrackedIssue001 will NOT be loaded as mod travelersbackpack is not present
[16Mar2025 04:54:31.215] [main/INFO] [dev.uncandango.alltheleaks.AllTheLeaks/]: Class dev.uncandango.alltheleaks.leaks.common.mods.toolbelt.UntrackedIssue001 will be loaded as it matches versions: 1.20.02 in [1.20.0,)
[16Mar2025 04:54:31.215] [main/INFO] [dev.uncandango.alltheleaks.AllTheLeaks/]: Mixins added to allowed list: [main.EventHandlersMixin]
[16Mar2025 04:54:31.216] [main/INFO] [dev.uncandango.alltheleaks.AllTheLeaks/]: Class dev.uncandango.alltheleaks.leaks.common.mods.tfcthermaldeposits.UntrackedIssue001 will NOT be loaded as mod tfcthermaldeposits is not present
[16Mar2025 04:54:31.216] [main/INFO] [dev.uncandango.alltheleaks.AllTheLeaks/]: Class dev.uncandango.alltheleaks.leaks.common.mods.smallships.UntrackedIssue001 will NOT be loaded as mod smallships is not present
[16Mar2025 04:54:31.216] [main/INFO] [dev.uncandango.alltheleaks.AllTheLeaks/]: Class dev.uncandango.alltheleaks.leaks.common.mods.railcraft.UntrackedIssue001 will NOT be loaded as mod railcraft is not present
[16Mar2025 04:54:31.217] [main/INFO] [dev.uncandango.alltheleaks.AllTheLeaks/]: Class dev.uncandango.alltheleaks.leaks.common.mods.pneumaticcraft.UntrackedIssue001 will NOT be loaded as mod pneumaticcraft is not present
[16Mar2025 04:54:31.217] [main/INFO] [dev.uncandango.alltheleaks.AllTheLeaks/]: Class dev.uncandango.alltheleaks.leaks.common.mods.occultism.UntrackedIssue001 will NOT be loaded as mod occultism is not present
[16Mar2025 04:54:31.217] [main/INFO] [dev.uncandango.alltheleaks.AllTheLeaks/]: Class dev.uncandango.alltheleaks.leaks.common.mods.minecraft.UntrackedIssue002 will be loaded as it matches versions: 1.20.1 in 1.20.1
[16Mar2025 04:54:31.217] [main/INFO] [dev.uncandango.alltheleaks.AllTheLeaks/]: Mixins added to allowed list: [main.EntityTickListMixin]
[16Mar2025 04:54:31.218] [main/INFO] [dev.uncandango.alltheleaks.AllTheLeaks/]: Class dev.uncandango.alltheleaks.leaks.common.mods.minecraft.UntrackedIssue001 will be loaded as it matches versions: 1.20.1 in 1.20.1
[16Mar2025 04:54:31.218] [main/INFO] [dev.uncandango.alltheleaks.AllTheLeaks/]: Class dev.uncandango.alltheleaks.leaks.common.mods.irons_spellbooks.UntrackedIssue001 will NOT be loaded as mod irons_spellbooks is not present
[16Mar2025 04:54:31.218] [main/INFO] [dev.uncandango.alltheleaks.AllTheLeaks/]: Class dev.uncandango.alltheleaks.leaks.common.mods.forge.UntrackedIssue003 will be loaded as it matches versions: 47.3.0 in [47.2,)
[16Mar2025 04:54:31.219] [main/INFO] [dev.uncandango.alltheleaks.AllTheLeaks/]: Class dev.uncandango.alltheleaks.leaks.common.mods.forge.UntrackedIssue002 will be loaded as it matches versions: 47.3.0 in [47.2,)
[16Mar2025 04:54:31.219] [main/INFO] [dev.uncandango.alltheleaks.AllTheLeaks/]: Mixins added to allowed list: [accessor.FakePlayerNetHandlerAccessor, accessor.ConnectionAccessor]
[16Mar2025 04:54:31.219] [main/INFO] [dev.uncandango.alltheleaks.AllTheLeaks/]: Class dev.uncandango.alltheleaks.leaks.common.mods.forge.UntrackedIssue001 will be loaded as it matches versions: 47.3.0 in [47.2,)
[16Mar2025 04:54:31.220] [main/INFO] [dev.uncandango.alltheleaks.AllTheLeaks/]: Mixins added to allowed list: [main.ServerPlayerMixin, main.PlayerListMixin]
[16Mar2025 04:54:31.221] [main/INFO] [dev.uncandango.alltheleaks.AllTheLeaks/]: Class dev.uncandango.alltheleaks.leaks.common.mods.forbidden_arcanus.UntrackedIssue001 will NOT be loaded as mod forbidden_arcanus is not present
[16Mar2025 04:54:31.221] [main/INFO] [dev.uncandango.alltheleaks.AllTheLeaks/]: Class dev.uncandango.alltheleaks.leaks.common.mods.curios.UntrackedIssue001 will be loaded as it matches versions: 5.12.1+1.20.1 in [5.9.1,)
[16Mar2025 04:54:31.222] [main/INFO] [dev.uncandango.alltheleaks.AllTheLeaks/]: Mixins added to allowed list: [main.CuriosEventHandlerMixin]
[16Mar2025 04:54:31.222] [main/INFO] [dev.uncandango.alltheleaks.AllTheLeaks/]: Class dev.uncandango.alltheleaks.leaks.common.mods.createaddition.UntrackedIssue001 will NOT be loaded as mod createaddition is not present
[16Mar2025 04:54:31.222] [main/INFO] [dev.uncandango.alltheleaks.AllTheLeaks/]: Class dev.uncandango.alltheleaks.leaks.common.mods.create.UntrackedIssue001 will NOT be loaded as mod create is not present
[16Mar2025 04:54:31.222] [main/INFO] [dev.uncandango.alltheleaks.AllTheLeaks/]: Class dev.uncandango.alltheleaks.leaks.common.mods.citadel.UntrackedIssue001 will be loaded as it matches versions: 2.6.1 in [2.5.4,)
[16Mar2025 04:54:31.223] [main/INFO] [dev.uncandango.alltheleaks.AllTheLeaks/]: Class dev.uncandango.alltheleaks.leaks.common.mods.betterf3.UntrackedIssue001 will NOT be loaded as mod betterf3 is not present
[16Mar2025 04:54:31.223] [main/INFO] [dev.uncandango.alltheleaks.AllTheLeaks/]: Class dev.uncandango.alltheleaks.leaks.common.mods.badpackets.UntrackedIssue001 will NOT be loaded as mod badpackets is not present
[16Mar2025 04:54:31.223] [main/INFO] [dev.uncandango.alltheleaks.AllTheLeaks/]: Class dev.uncandango.alltheleaks.leaks.common.mods.ars_nouveau.UntrackedIssue002 will NOT be loaded as mod ars_nouveau is not present
[16Mar2025 04:54:31.224] [main/INFO] [dev.uncandango.alltheleaks.AllTheLeaks/]: Class dev.uncandango.alltheleaks.leaks.common.mods.ars_nouveau.UntrackedIssue001 will NOT be loaded as mod ars_nouveau is not present
[16Mar2025 04:54:31.224] [main/INFO] [dev.uncandango.alltheleaks.AllTheLeaks/]: Class dev.uncandango.alltheleaks.leaks.common.mods.architectury.UntrackedIssue001 will be loaded as it matches versions: 9.2.14 in [9.0.8,)
[16Mar2025 04:54:31.224] [main/INFO] [dev.uncandango.alltheleaks.AllTheLeaks/]: Class dev.uncandango.alltheleaks.leaks.common.mods.aether.UntrackedIssue001 will NOT be loaded as mod aether is not present
[16Mar2025 04:54:31.224] [main/INFO] [dev.uncandango.alltheleaks.AllTheLeaks/]: Class dev.uncandango.alltheleaks.leaks.common.mods.ae2wtlib.UntrackedIssue001 will NOT be loaded as mod ae2wtlib is not present
[16Mar2025 04:54:31.224] [main/INFO] [dev.uncandango.alltheleaks.AllTheLeaks/]: Skipping issue [untracked] from mod twilightforest as it is client side only!
[16Mar2025 04:54:31.225] [main/INFO] [dev.uncandango.alltheleaks.AllTheLeaks/]: Skipping issue [untracked] from mod travelersbackpack as it is client side only!
[16Mar2025 04:54:31.225] [main/INFO] [dev.uncandango.alltheleaks.AllTheLeaks/]: Skipping issue [untracked] from mod tombstone as it is client side only!
[16Mar2025 04:54:31.225] [main/INFO] [dev.uncandango.alltheleaks.AllTheLeaks/]: Skipping issue [untracked] from mod pneumaticcraft as it is client side only!
[16Mar2025 04:54:31.225] [main/INFO] [dev.uncandango.alltheleaks.AllTheLeaks/]: Skipping issue [untracked] from mod nuclearcraft as it is client side only!
[16Mar2025 04:54:31.225] [main/INFO] [dev.uncandango.alltheleaks.AllTheLeaks/]: Skipping issue [untracked] from mod mousetweaks as it is client side only!
[16Mar2025 04:54:31.225] [main/INFO] [dev.uncandango.alltheleaks.AllTheLeaks/]: Skipping issue [untracked] from mod minecraft as it is client side only!
[16Mar2025 04:54:31.225] [main/INFO] [dev.uncandango.alltheleaks.AllTheLeaks/]: Skipping issue [untracked] from mod minecraft as mod modernfix is present!
[16Mar2025 04:54:31.226] [main/INFO] [dev.uncandango.alltheleaks.AllTheLeaks/]: Skipping issue [untracked] from mod minecolonies as it is client side only!
[16Mar2025 04:54:31.226] [main/INFO] [dev.uncandango.alltheleaks.AllTheLeaks/]: Skipping issue [untracked] from mod ldlib as it is client side only!
[16Mar2025 04:54:31.226] [main/INFO] [dev.uncandango.alltheleaks.AllTheLeaks/]: Skipping issue [untracked] from mod journeymap as it is client side only!
[16Mar2025 04:54:31.226] [main/INFO] [dev.uncandango.alltheleaks.AllTheLeaks/]: Skipping issue [untracked] from mod jeresources as it is client side only!
[16Mar2025 04:54:31.226] [main/INFO] [dev.uncandango.alltheleaks.AllTheLeaks/]: Skipping issue [untracked] from mod jei as it is client side only!
[16Mar2025 04:54:31.226] [main/INFO] [dev.uncandango.alltheleaks.AllTheLeaks/]: Skipping issue [untracked] from mod jei as it is client side only!
[16Mar2025 04:54:31.226] [main/INFO] [dev.uncandango.alltheleaks.AllTheLeaks/]: Skipping issue [untracked] from mod irons_spellbooks as it is client side only!
[16Mar2025 04:54:31.227] [main/INFO] [dev.uncandango.alltheleaks.AllTheLeaks/]: Skipping issue [untracked] from mod iceberg as it is client side only!
[16Mar2025 04:54:31.227] [main/INFO] [dev.uncandango.alltheleaks.AllTheLeaks/]: Skipping issue [untracked] from mod iceberg as it is client side only!
[16Mar2025 04:54:31.227] [main/INFO] [dev.uncandango.alltheleaks.AllTheLeaks/]: Skipping issue [untracked] from mod iceberg as it is client side only!
[16Mar2025 04:54:31.227] [main/INFO] [dev.uncandango.alltheleaks.AllTheLeaks/]: Skipping issue [untracked] from mod geckolib as it is client side only!
[16Mar2025 04:54:31.227] [main/INFO] [dev.uncandango.alltheleaks.AllTheLeaks/]: Skipping issue [untracked] from mod ftblibrary as it is client side only!
[16Mar2025 04:54:31.227] [main/INFO] [dev.uncandango.alltheleaks.AllTheLeaks/]: Skipping issue [untracked] from mod flywheel as it is client side only!
[16Mar2025 04:54:31.227] [main/INFO] [dev.uncandango.alltheleaks.AllTheLeaks/]: Skipping issue [untracked] from mod findme as it is client side only!
[16Mar2025 04:54:31.227] [main/INFO] [dev.uncandango.alltheleaks.AllTheLeaks/]: Skipping issue [untracked] from mod emi_loot as it is client side only!
[16Mar2025 04:54:31.228] [main/INFO] [dev.uncandango.alltheleaks.AllTheLeaks/]: Skipping issue [untracked] from mod emi as it is client side only!
[16Mar2025 04:54:31.228] [main/INFO] [dev.uncandango.alltheleaks.AllTheLeaks/]: Skipping issue [untracked] from mod easy_villagers as it is client side only!
[16Mar2025 04:54:31.228] [main/INFO] [dev.uncandango.alltheleaks.AllTheLeaks/]: Skipping issue [untracked] from mod difficultylock as it is client side only!
[16Mar2025 04:54:31.228] [main/INFO] [dev.uncandango.alltheleaks.AllTheLeaks/]: Skipping issue [untracked] from mod cyclopscore as it is client side only!
[16Mar2025 04:54:31.228] [main/INFO] [dev.uncandango.alltheleaks.AllTheLeaks/]: Skipping issue [untracked] from mod corpse as it is client side only!
[16Mar2025 04:54:31.228] [main/INFO] [dev.uncandango.alltheleaks.AllTheLeaks/]: Skipping issue [untracked] from mod blue_skies as it is client side only!
[16Mar2025 04:54:31.228] [main/INFO] [dev.uncandango.alltheleaks.AllTheLeaks/]: Skipping issue [untracked] from mod badpackets as it is client side only!
[16Mar2025 04:54:31.229] [main/INFO] [dev.uncandango.alltheleaks.AllTheLeaks/]: Skipping issue [untracked] from mod ae2wtlib as it is client side only!
[16Mar2025 04:54:31.229] [main/INFO] [dev.uncandango.alltheleaks.AllTheLeaks/]: Skipping issue [untracked] from mod ae2wtlib as it is client side only!
[16Mar2025 04:54:31.231] [main/INFO] [dev.uncandango.alltheleaks.AllTheLeaks/]: Class dev.uncandango.alltheleaks.fix.common.mods.modernfix.CancelRLMixin will be loaded as it matches versions: 5.20.2+mc1.20.1 in [5.0.0,)
[16Mar2025 04:54:31.231] [main/INFO] [dev.uncandango.alltheleaks.AllTheLeaks/]: Mixins added to cancel list: [org.embeddedt.modernfix.common.mixin.perf.deduplicate_location.MixinResourceLocation]
[16Mar2025 04:54:31.236] [main/INFO] [dev.uncandango.alltheleaks.AllTheLeaks/]: Skipping feature ResourceLocation Deduplication from mod minecraft as it's feature flag is not activated!
[16Mar2025 04:54:31.237] [main/INFO] [dev.uncandango.alltheleaks.AllTheLeaks/]: Skipping feature Ingredient Deduplication from mod minecraft as it's feature flag is not activated!
[16Mar2025 04:54:31.237] [main/INFO] [dev.uncandango.alltheleaks.AllTheLeaks/]: Skipping feature Prevent Search Ignored Items from mod jei as it's feature flag is not activated!
[16Mar2025 04:54:31.394] [main/INFO] [com.cupboard.Cupboard/]: Loaded config for: structureessentials.json
[16Mar2025 04:54:31.579] [main/WARN] [mixin/]: Error loading class: net/minecraft/client/renderer/entity/PhantomRenderer (java.lang.ClassNotFoundException: net.minecraft.client.renderer.entity.PhantomRenderer)
[16Mar2025 04:54:31.579] [main/WARN] [mixin/]: @Mixin target net.minecraft.client.renderer.entity.PhantomRenderer was not found mixins.deeperdarker.json:PhantomRendererMixin
[16Mar2025 04:54:32.502] [main/INFO] [MixinExtras|Service/]: Initializing MixinExtras via com.llamalad7.mixinextras.service.MixinExtrasServiceImpl(version=0.4.1).
[16Mar2025 04:54:32.780] [main/INFO] [mixin/]: Mixing server.MixinDedicatedServer from mixins/common/nochatreports.mixins.json into net.minecraft.server.dedicated.DedicatedServer
[16Mar2025 04:54:33.792] [main/INFO] [net.minecraft.server.Bootstrap/]: ModernFix reached bootstrap stage (21.90 s after launch)
[16Mar2025 04:54:34.000] [main/WARN] [mixin/]: @Final field delegatesByName:Ljava/util/Map; in modernfix-forge.mixins.json:perf.forge_registry_alloc.ForgeRegistryMixin should be final
[16Mar2025 04:54:34.000] [main/WARN] [mixin/]: @Final field delegatesByValue:Ljava/util/Map; in modernfix-forge.mixins.json:perf.forge_registry_alloc.ForgeRegistryMixin should be final
[16Mar2025 04:54:34.272] [main/INFO] [ModernFix/]: Injecting BlockStateBase cache population hook into getNeighborPathNodeType from me.jellysquid.mods.lithium.mixin.ai.pathing.AbstractBlockStateMixin
[16Mar2025 04:54:34.272] [main/INFO] [ModernFix/]: Injecting BlockStateBase cache population hook into getPathNodeType from me.jellysquid.mods.lithium.mixin.ai.pathing.AbstractBlockStateMixin
[16Mar2025 04:54:34.272] [main/INFO] [ModernFix/]: Injecting BlockStateBase cache population hook into getAllFlags from me.jellysquid.mods.lithium.mixin.util.block_tracking.AbstractBlockStateMixin
[16Mar2025 04:54:35.027] [main/INFO] [net.minecraftforge.coremod.CoreMod.placebo/COREMODLOG]: Patching IForgeItemStack#getEnchantmentLevel
[16Mar2025 04:54:35.029] [main/INFO] [net.minecraftforge.coremod.CoreMod.placebo/COREMODLOG]: Patching IForgeItemStack#getEnchantmentLevel
[16Mar2025 04:54:37.386] [main/INFO] [net.minecraftforge.coremod.CoreMod.placebo/COREMODLOG]: Patching IForgeItemStack#getEnchantmentLevel
[16Mar2025 04:54:37.387] [main/INFO] [net.minecraftforge.coremod.CoreMod.placebo/COREMODLOG]: Patching IForgeItemStack#getEnchantmentLevel
[16Mar2025 04:54:37.458] [main/INFO] [net.minecraft.server.Bootstrap/]: Vanilla bootstrap took 3661 milliseconds
[16Mar2025 04:54:37.600] [main/INFO] [mixin/]: Mixing common.MixinFriendlyByteBuf from mixins/common/nochatreports.mixins.json into net.minecraft.network.FriendlyByteBuf
[16Mar2025 04:54:37.600] [main/INFO] [mixin/]: Renaming synthetic method lambda$onWriteJsonWithCodec$1(Ljava/lang/Object;Ljava/lang/String;)Lio/netty/handler/codec/EncoderException; to md08da36$lambda$onWriteJsonWithCodec$1$0 in mixins/common/nochatreports.mixins.json:common.MixinFriendlyByteBuf
[16Mar2025 04:54:37.602] [main/INFO] [mixin/]: Renaming synthetic method lambda$onReadJsonWithCodec$0(Ljava/lang/String;)Lio/netty/handler/codec/DecoderException; to md08da36$lambda$onReadJsonWithCodec$0$1 in mixins/common/nochatreports.mixins.json:common.MixinFriendlyByteBuf
[16Mar2025 04:54:39.782] [main/WARN] [mixin/]: @Inject(@At("INVOKE_ASSIGN")) Shift.BY=2 on refurbished_furniture.common.mixins.json:LevelChunkMixin::handler$cam000$refurbishedFurniture$AfterRemoveBlockEntity exceeds the maximum allowed value: 0. Increase the value of maxShiftBy to suppress this warning.
[16Mar2025 04:54:40.867] [main/INFO] [mixin/]: Mixing server.MixinServerGamePacketListenerImpl from mixins/common/nochatreports.mixins.json into net.minecraft.server.network.ServerGamePacketListenerImpl
[16Mar2025 04:54:41.725] [main/WARN] [mixin/]: Mixin alexscaves.mixins.json:SwampHutPieceMixin has multiple constructors, (Lnet/minecraft/world/level/levelgen/structure/pieces/StructurePieceType;IIIIIILnet/minecraft/core/Direction;)V was selected

[16Mar2025 04:54:41.833] [main/WARN] [mixin/]: @ModifyConstant conflict. Skipping dungeonnowloading.forge.mixins.json:forge.structures.StructurePoolMixin->@ModifyConstant::dungeonnowloading_increaseWeightLimit(I)I with priority 1000, already redirected by yungsapi_forge.mixins.json:IncreaseStructureWeightLimitMixinForge->@ModifyConstant::yungsapi_increaseWeightLimit(I)I with priority 1000
[16Mar2025 04:54:41.934] [main/WARN] [mixin/]: Method overwrite conflict for m_47505_ in lithium.mixins.json:world.temperature_cache.BiomeMixin, previously written by org.embeddedt.modernfix.common.mixin.perf.remove_biome_temperature_cache.BiomeMixin. Skipping method.
[16Mar2025 04:54:42.692] [modloading-worker-0/INFO] [Puzzles Lib/]: Constructing common components for easyanvils:main
[16Mar2025 04:54:42.725] [modloading-worker-0/INFO] [mixin/]: Mixing server.MixinPlayerList from mixins/common/nochatreports.mixins.json into net.minecraft.server.players.PlayerList
[16Mar2025 04:54:43.168] [modloading-worker-0/INFO] [noisium/]: Loading Noisium.
[16Mar2025 04:54:43.217] [modloading-worker-0/INFO] [Puzzles Lib/]: Constructing common components for netherchested:main
[16Mar2025 04:54:43.255] [modloading-worker-0/INFO] [TimeOnDisplay/]: Hello Forge world!
[16Mar2025 04:54:43.260] [modloading-worker-0/INFO] [TimeOnDisplay/]: Hello from TimeOnDisplay Common init on Forge! we are currently in a production environment!
[16Mar2025 04:54:43.262] [modloading-worker-0/INFO] [TimeOnDisplay/]: The ID for diamonds is minecraft:diamond
[16Mar2025 04:54:43.262] [modloading-worker-0/INFO] [TimeOnDisplay/]: Hello to TimeOnDisplay
[16Mar2025 04:54:43.319] [modloading-worker-0/INFO] [Puzzles Lib/]: Constructing common components for puzzlesapi:iteminteractions
[16Mar2025 04:54:43.373] [modloading-worker-0/INFO] [Puzzles Lib/]: Constructing common components for puzzlesapi:slotcycling
[16Mar2025 04:54:43.374] [modloading-worker-0/INFO] [Puzzles Lib/]: Constructing common components for puzzlesapi:limitlesscontainers
[16Mar2025 04:54:43.391] [modloading-worker-0/INFO] [Puzzles Lib/]: Constructing common components for puzzlesapi:statues
[16Mar2025 04:54:43.411] [modloading-worker-0/INFO] [Puzzles Lib/]: Constructing common components for visualworkbench:main
[16Mar2025 04:54:43.441] [modloading-worker-0/INFO] [Puzzles Lib/]: Constructing common components for universalbonemeal:main
[16Mar2025 04:54:43.459] [modloading-worker-0/INFO] [Puzzles Lib/]: Constructing common components for stoneworks:main
[16Mar2025 04:54:43.716] [modloading-worker-0/INFO] [net.minecraftforge.common.ForgeMod/FORGEMOD]: Forge mod loading, version 47.3.0, for MC 1.20.1 with MCP 20230612.114412
[16Mar2025 04:54:43.717] [modloading-worker-0/INFO] [net.minecraftforge.common.MinecraftForge/FORGE]: MinecraftForge v47.3.0 Initialized
[16Mar2025 04:54:43.801] [modloading-worker-0/INFO] [Dungeon Now Loading/]: Hello Forge world!
[16Mar2025 04:54:43.974] [modloading-worker-0/INFO] [necronomicon/]: Necronomicon Initialized
[16Mar2025 04:54:43.980] [modloading-worker-0/INFO] [necronomicon/]: File exists, reading config for elocindev.necronomicon.NecronomiconConfig.
[16Mar2025 04:54:43.981] [modloading-worker-0/INFO] [necronomicon/]: Config for elocindev.necronomicon.NecronomiconConfig read successfully.
[16Mar2025 04:54:43.990] [modloading-worker-0/INFO] [NoChatReports/]: KONNICHIWA ZA WARUDO!
[16Mar2025 04:54:43.990] [modloading-worker-0/INFO] [NoChatReports/]: Default JVM text encoding is: UTF-8
[16Mar2025 04:54:44.000] [modloading-worker-0/INFO] [NoChatReports/]: Reading config file NoChatReports/NCR-Common.json...
[16Mar2025 04:54:44.003] [modloading-worker-0/INFO] [NoChatReports/]: Writing config file NoChatReports/NCR-Common.json...
[16Mar2025 04:54:44.018] [modloading-worker-0/INFO] [Animal Armor Trims: Horses/]: Hello from Common init on Forge! we are currently in a production environment!
[16Mar2025 04:54:44.018] [modloading-worker-0/INFO] [Animal Armor Trims: Horses/]: The ID for diamonds is minecraft:diamond
[16Mar2025 04:54:44.568] [modloading-worker-0/INFO] [snownee.kiwi.Kiwi/INIT]: Processing 6 KiwiModule annotations
[16Mar2025 04:54:44.714] [modloading-worker-0/WARN] [Visuality/]: Visuality is installed on a dedicated server, skip loading...
[16Mar2025 04:54:44.773] [modloading-worker-0/INFO] [Puzzles Lib/]: Constructing common components for puzzleslib:main
[16Mar2025 04:54:44.816] [modloading-worker-0/INFO] [thedarkcolour.kotlinforforge.test.KotlinForForge/]: Kotlin For Forge Enabled!
[16Mar2025 04:54:45.016] [modloading-worker-0/INFO] [ModernFix/]: Bypassed Mojang DFU
[16Mar2025 04:54:45.017] [modloading-worker-0/INFO] [ModernFix/]: Instantiating Mojang DFU
[16Mar2025 04:54:45.202] [modloading-worker-0/INFO] [Puzzles Lib/]: Constructing common components for illagerinvasion:main
[16Mar2025 04:54:45.581] [modloading-worker-0/INFO] [Bookshelf/]: Fixing MC-151457. Crafting remainder for minecraft:pufferfish_bucket is now minecraft:bucket.
[16Mar2025 04:54:45.582] [modloading-worker-0/INFO] [Bookshelf/]: Fixing MC-151457. Crafting remainder for minecraft:salmon_bucket is now minecraft:bucket.
[16Mar2025 04:54:45.584] [modloading-worker-0/INFO] [Bookshelf/]: Fixing MC-151457. Crafting remainder for minecraft:cod_bucket is now minecraft:bucket.
[16Mar2025 04:54:45.587] [modloading-worker-0/INFO] [Bookshelf/]: Fixing MC-151457. Crafting remainder for minecraft:tropical_fish_bucket is now minecraft:bucket.
[16Mar2025 04:54:45.587] [modloading-worker-0/INFO] [Bookshelf/]: Fixing MC-151457. Crafting remainder for minecraft:axolotl_bucket is now minecraft:bucket.
[16Mar2025 04:54:45.587] [modloading-worker-0/INFO] [Bookshelf/]: Fixing MC-151457. Crafting remainder for minecraft:powder_snow_bucket is now minecraft:bucket.
[16Mar2025 04:54:45.587] [modloading-worker-0/INFO] [Bookshelf/]: Fixing MC-151457. Crafting remainder for minecraft:tadpole_bucket is now minecraft:bucket.
[16Mar2025 04:54:45.670] [modloading-worker-0/INFO] [de.keksuccino.melody.Melody/]: [MELODY] Disabling Melody since it's loaded server-side.
[16Mar2025 04:54:45.862] [modloading-worker-0/INFO] [de.keksuccino.konkrete.Konkrete/]: [KONKRETE] Successfully initialized!
[16Mar2025 04:54:45.862] [modloading-worker-0/INFO] [de.keksuccino.konkrete.Konkrete/]: [KONKRETE] Server-side libs ready to use!
[16Mar2025 04:54:45.865] [modloading-worker-0/INFO] [Puzzles Lib/]: Constructing common components for diagonalwalls:main
[16Mar2025 04:54:45.934] [modloading-worker-0/INFO] [Puzzles Lib/]: Constructing common components for diagonalblocks:main
[16Mar2025 04:54:46.202] [modloading-worker-0/INFO] [Puzzles Lib/]: Constructing common components for diagonalwindows:main
[16Mar2025 04:54:46.286] [modloading-worker-0/INFO] [com.cupboard.Cupboard/]: Loaded config for: memorysettings.json
[16Mar2025 04:54:46.287] [modloading-worker-0/WARN] [com.memorysettings.config.CommonConfiguration/]: You have more more memory allocated than recommended for your system, the recommended amount for your system is: 6000 mb.

[16Mar2025 04:54:46.323] [modloading-worker-0/INFO] [MobDropsRecipes End/]: Hello Forge world!
[16Mar2025 04:54:46.326] [modloading-worker-0/INFO] [MobDropsRecipes End/]: Hello from MobDropsRecipes End Common init on Forge! we are currently in a production environment!
[16Mar2025 04:54:46.326] [modloading-worker-0/INFO] [MobDropsRecipes End/]: The ID for diamonds is minecraft:diamond
[16Mar2025 04:54:46.327] [modloading-worker-0/INFO] [MobDropsRecipes End/]: Hello to MobDropsRecipes End
[16Mar2025 04:54:46.336] [modloading-worker-0/INFO] [Collective/]: Loading Collective version 7.94.
[16Mar2025 04:54:46.527] [modloading-worker-0/INFO] [dev.architectury.networking.forge.NetworkManagerImpl/]: Registering C2S receiver with id architectury:sync_ids
[16Mar2025 04:54:46.553] [modloading-worker-0/INFO] [dev.architectury.networking.forge.NetworkManagerImpl/]: Registering C2S receiver with id ftblibrary:edit_nbt_response
[16Mar2025 04:54:46.566] [modloading-worker-0/INFO] [Animal Feeding Trough/]: [Animal Feeding Trough] Load Complete! Enjoy :D
[16Mar2025 04:54:46.606] [modloading-worker-0/INFO] [dev.architectury.networking.forge.NetworkManagerImpl/]: Registering C2S receiver with id ftbteams:open_gui
[16Mar2025 04:54:46.608] [modloading-worker-0/INFO] [dev.architectury.networking.forge.NetworkManagerImpl/]: Registering C2S receiver with id ftbteams:update_settings
[16Mar2025 04:54:46.609] [modloading-worker-0/INFO] [dev.architectury.networking.forge.NetworkManagerImpl/]: Registering C2S receiver with id ftbteams:send_message
[16Mar2025 04:54:46.620] [modloading-worker-0/INFO] [dev.architectury.networking.forge.NetworkManagerImpl/]: Registering C2S receiver with id ftbteams:create_party
[16Mar2025 04:54:46.629] [modloading-worker-0/INFO] [dev.architectury.networking.forge.NetworkManagerImpl/]: Registering C2S receiver with id ftbteams:player_gui_operation
[16Mar2025 04:54:46.657] [modloading-worker-0/INFO] [com.cupboard.Cupboard/]: Loaded config for: cupboard.json
[16Mar2025 04:54:46.793] [modloading-worker-0/INFO] [Peaceful-Hunger/]: Hello Forge world!
[16Mar2025 04:54:46.905] [modloading-worker-0/INFO] [dev.architectury.networking.forge.NetworkManagerImpl/]: Registering C2S receiver with id itemfilters:main/14e7fa1454283aec8ae811ef844ada28
[16Mar2025 04:54:46.909] [modloading-worker-0/INFO] [dev.architectury.networking.forge.NetworkManagerImpl/]: Registering C2S receiver with id itemfilters:main/8f6a899247753217b9d86ab427a2b279
[16Mar2025 04:54:47.059] [modloading-worker-0/INFO] [MobDropsRecipes Overworld/]: Hello Forge world!
[16Mar2025 04:54:47.061] [modloading-worker-0/INFO] [MobDropsRecipes Overworld/]: Hello from MobDropsRecipes Overworld Common init on Forge! we are currently in a production environment!
[16Mar2025 04:54:47.061] [modloading-worker-0/INFO] [MobDropsRecipes Overworld/]: The ID for diamonds is minecraft:diamond
[16Mar2025 04:54:47.062] [modloading-worker-0/INFO] [MobDropsRecipes Overworld/]: Hello to MobDropsRecipes Overworld
[16Mar2025 04:54:47.069] [modloading-worker-0/ERROR] [net.minecraftforge.eventbus.EventSubclassTransformer/EVENTBUS]: Could not find parent net/minecraft/client/renderer/entity/layers/RenderLayer for class com/obscuria/obscureapi/client/renderer/PatreonLayer in classloader cpw.mods.modlauncher.TransformingClassLoader@2036f83 on thread Thread[modloading-worker-0,5,main]
[16Mar2025 04:54:47.070] [modloading-worker-0/ERROR] [net.minecraftforge.eventbus.EventSubclassTransformer/EVENTBUS]: An error occurred building event handler
java.lang.ClassNotFoundException: net.minecraft.client.renderer.entity.layers.RenderLayer
	at cpw.mods.cl.ModuleClassLoader.loadClass(ModuleClassLoader.java:141) ~[securejarhandler-2.1.10.jar:?]
	at java.lang.ClassLoader.loadClass(ClassLoader.java:525) ~[?:?]
	at net.minecraftforge.eventbus.EventSubclassTransformer.buildEvents(EventSubclassTransformer.java:97) ~[eventbus-6.0.5.jar%2352!/:?]
	at net.minecraftforge.eventbus.EventSubclassTransformer.transform(EventSubclassTransformer.java:48) ~[eventbus-6.0.5.jar%2352!/:?]
	at net.minecraftforge.eventbus.EventBusEngine.processClass(EventBusEngine.java:26) ~[eventbus-6.0.5.jar%2352!/:?]
	at net.minecraftforge.eventbus.service.ModLauncherService.processClassWithFlags(ModLauncherService.java:32) ~[eventbus-6.0.5.jar%2352!/:6.0.5+6.0.5+master.eb8e549b]
	at cpw.mods.modlauncher.LaunchPluginHandler.offerClassNodeToPlugins(LaunchPluginHandler.java:88) ~[modlauncher-10.0.9.jar%2355!/:?]
	at cpw.mods.modlauncher.ClassTransformer.transform(ClassTransformer.java:120) ~[modlauncher-10.0.9.jar%2355!/:?]
	at cpw.mods.modlauncher.TransformingClassLoader.maybeTransformClassBytes(TransformingClassLoader.java:50) ~[modlauncher-10.0.9.jar%2355!/:?]
	at cpw.mods.cl.ModuleClassLoader.readerToClass(ModuleClassLoader.java:113) ~[securejarhandler-2.1.10.jar:?]
	at cpw.mods.cl.ModuleClassLoader.lambda$findClass$15(ModuleClassLoader.java:219) ~[securejarhandler-2.1.10.jar:?]
	at cpw.mods.cl.ModuleClassLoader.loadFromModule(ModuleClassLoader.java:229) ~[securejarhandler-2.1.10.jar:?]
	at cpw.mods.cl.ModuleClassLoader.findClass(ModuleClassLoader.java:219) ~[securejarhandler-2.1.10.jar:?]
	at cpw.mods.cl.ModuleClassLoader.loadClass(ModuleClassLoader.java:135) ~[securejarhandler-2.1.10.jar:?]
	at java.lang.ClassLoader.loadClass(ClassLoader.java:525) ~[?:?]
	at java.lang.ClassLoader.defineClass0(Native Method) ~[?:?]
	at java.lang.System$2.defineClass(System.java:2324) ~[?:?]
	at java.lang.invoke.MethodHandles$Lookup$ClassDefiner.defineClass(MethodHandles.java:2439) ~[?:?]
	at java.lang.invoke.MethodHandles$Lookup$ClassDefiner.defineClassAsLookup(MethodHandles.java:2420) ~[?:?]
	at java.lang.invoke.MethodHandles$Lookup.defineHiddenClass(MethodHandles.java:2127) ~[?:?]
	at java.lang.invoke.InnerClassLambdaMetafactory.generateInnerClass(InnerClassLambdaMetafactory.java:407) ~[?:?]
	at java.lang.invoke.InnerClassLambdaMetafactory.spinInnerClass(InnerClassLambdaMetafactory.java:315) ~[?:?]
	at java.lang.invoke.InnerClassLambdaMetafactory.buildCallSite(InnerClassLambdaMetafactory.java:228) ~[?:?]
	at java.lang.invoke.LambdaMetafactory.metafactory(LambdaMetafactory.java:341) ~[?:?]
	at java.lang.invoke.BootstrapMethodInvoker.invoke(BootstrapMethodInvoker.java:134) ~[?:?]
	at java.lang.invoke.CallSite.makeSite(CallSite.java:315) ~[?:?]
	at java.lang.invoke.MethodHandleNatives.linkCallSiteImpl(MethodHandleNatives.java:281) ~[?:?]
	at java.lang.invoke.MethodHandleNatives.linkCallSite(MethodHandleNatives.java:271) ~[?:?]
	at com.obscuria.obscureapi.client.renderer.PatreonLayer$Mode.<clinit>(PatreonLayer.java:55) ~[obscure_api-15.jar%23469!/:com.obscuria]
	at com.obscuria.obscureapi.ObscureAPIConfig$Client.<clinit>(ObscureAPIConfig.java:28) ~[obscure_api-15.jar%23469!/:com.obscuria]
	at com.obscuria.obscureapi.ObscureAPIConfig.register(ObscureAPIConfig.java:46) ~[obscure_api-15.jar%23469!/:com.obscuria]
	at com.obscuria.obscureapi.ObscureAPI.<init>(ObscureAPI.java:69) ~[obscure_api-15.jar%23469!/:com.obscuria]
	at jdk.internal.reflect.NativeConstructorAccessorImpl.newInstance0(Native Method) ~[?:?]
	at jdk.internal.reflect.NativeConstructorAccessorImpl.newInstance(NativeConstructorAccessorImpl.java:77) ~[?:?]
	at jdk.internal.reflect.DelegatingConstructorAccessorImpl.newInstance(DelegatingConstructorAccessorImpl.java:45) ~[?:?]
	at java.lang.reflect.Constructor.newInstanceWithCaller(Constructor.java:500) ~[?:?]
	at java.lang.reflect.Constructor.newInstance(Constructor.java:481) ~[?:?]
	at net.minecraftforge.fml.javafmlmod.FMLModContainer.constructMod(FMLModContainer.java:70) ~[javafmllanguage-1.20.1-47.3.0.jar%23541!/:?]
	at net.minecraftforge.fml.ModContainer.lambda$buildTransitionHandler$4(ModContainer.java:124) ~[fmlcore-1.20.1-47.3.0.jar%23540!/:?]
	at java.util.concurrent.CompletableFuture$AsyncRun.run(CompletableFuture.java:1804) ~[?:?]
	at java.util.concurrent.CompletableFuture$AsyncRun.exec(CompletableFuture.java:1796) ~[?:?]
	at java.util.concurrent.ForkJoinTask.doExec(ForkJoinTask.java:373) ~[?:?]
	at java.util.concurrent.ForkJoinPool$WorkQueue.topLevelExec(ForkJoinPool.java:1182) ~[?:?]
	at java.util.concurrent.ForkJoinPool.scan(ForkJoinPool.java:1655) ~[?:?]
	at java.util.concurrent.ForkJoinPool.runWorker(ForkJoinPool.java:1622) ~[?:?]
	at java.util.concurrent.ForkJoinWorkerThread.run(ForkJoinWorkerThread.java:165) ~[?:?]
[16Mar2025 04:54:47.081] [modloading-worker-0/INFO] [dev.architectury.networking.forge.NetworkManagerImpl/]: Registering C2S receiver with id ftbquests:submit_task
[16Mar2025 04:54:47.082] [modloading-worker-0/ERROR] [net.minecraftforge.fml.loading.RuntimeDistCleaner/DISTXFORM]: Attempted to load class com/obscuria/obscureapi/client/renderer/PatreonLayer for invalid dist DEDICATED_SERVER
[16Mar2025 04:54:47.082] [modloading-worker-0/INFO] [dev.architectury.networking.forge.NetworkManagerImpl/]: Registering C2S receiver with id ftbquests:claim_reward
[16Mar2025 04:54:47.084] [modloading-worker-0/INFO] [dev.architectury.networking.forge.NetworkManagerImpl/]: Registering C2S receiver with id ftbquests:get_emergency_items
[16Mar2025 04:54:47.088] [modloading-worker-0/INFO] [dev.architectury.networking.forge.NetworkManagerImpl/]: Registering C2S receiver with id ftbquests:claim_all_rewards
[16Mar2025 04:54:47.088] [modloading-worker-0/INFO] [dev.architectury.networking.forge.NetworkManagerImpl/]: Registering C2S receiver with id ftbquests:claim_choice_reward
[16Mar2025 04:54:47.092] [modloading-worker-0/INFO] [dev.architectury.networking.forge.NetworkManagerImpl/]: Registering C2S receiver with id ftbquests:toggle_pinned
[16Mar2025 04:54:47.093] [modloading-worker-0/INFO] [dev.architectury.networking.forge.NetworkManagerImpl/]: Registering C2S receiver with id ftbquests:toggle_chapter_pinned
[16Mar2025 04:54:47.094] [modloading-worker-0/INFO] [dev.architectury.networking.forge.NetworkManagerImpl/]: Registering C2S receiver with id ftbquests:toggle_editing_mode
[16Mar2025 04:54:47.097] [modloading-worker-0/INFO] [dev.architectury.networking.forge.NetworkManagerImpl/]: Registering C2S receiver with id ftbquests:force_save
[16Mar2025 04:54:47.099] [modloading-worker-0/INFO] [dev.architectury.networking.forge.NetworkManagerImpl/]: Registering C2S receiver with id ftbquests:set_custom_image
[16Mar2025 04:54:47.105] [modloading-worker-0/INFO] [dev.architectury.networking.forge.NetworkManagerImpl/]: Registering C2S receiver with id ftbquests:task_screen_config_resp
[16Mar2025 04:54:47.107] [modloading-worker-0/INFO] [dev.architectury.networking.forge.NetworkManagerImpl/]: Registering C2S receiver with id ftbquests:change_progress
[16Mar2025 04:54:47.107] [modloading-worker-0/INFO] [dev.architectury.networking.forge.NetworkManagerImpl/]: Registering C2S receiver with id ftbquests:create_object
[16Mar2025 04:54:47.108] [modloading-worker-0/INFO] [dev.architectury.networking.forge.NetworkManagerImpl/]: Registering C2S receiver with id ftbquests:create_task_at
[16Mar2025 04:54:47.110] [modloading-worker-0/INFO] [dev.architectury.networking.forge.NetworkManagerImpl/]: Registering C2S receiver with id ftbquests:delete_object
[16Mar2025 04:54:47.111] [modloading-worker-0/INFO] [dev.architectury.networking.forge.NetworkManagerImpl/]: Registering C2S receiver with id ftbquests:edit_object
[16Mar2025 04:54:47.115] [modloading-worker-0/INFO] [dev.architectury.networking.forge.NetworkManagerImpl/]: Registering C2S receiver with id ftbquests:move_chapter
[16Mar2025 04:54:47.116] [modloading-worker-0/INFO] [dev.architectury.networking.forge.NetworkManagerImpl/]: Registering C2S receiver with id ftbquests:move_quest
[16Mar2025 04:54:47.120] [modloading-worker-0/INFO] [dev.architectury.networking.forge.NetworkManagerImpl/]: Registering C2S receiver with id ftbquests:change_chapter_group
[16Mar2025 04:54:47.122] [modloading-worker-0/INFO] [dev.architectury.networking.forge.NetworkManagerImpl/]: Registering C2S receiver with id ftbquests:move_chapter_group
[16Mar2025 04:54:47.124] [modloading-worker-0/INFO] [dev.architectury.networking.forge.NetworkManagerImpl/]: Registering C2S receiver with id ftbquests:copy_quest
[16Mar2025 04:54:47.132] [modloading-worker-0/INFO] [dev.architectury.networking.forge.NetworkManagerImpl/]: Registering C2S receiver with id ftbquests:copy_chapter_image
[16Mar2025 04:54:47.134] [modloading-worker-0/INFO] [dev.architectury.networking.forge.NetworkManagerImpl/]: Registering C2S receiver with id ftbquests:sync_structures_request
[16Mar2025 04:54:47.137] [modloading-worker-0/INFO] [dev.architectury.networking.forge.NetworkManagerImpl/]: Registering C2S receiver with id ftbquests:request_team_data
[16Mar2025 04:54:47.322] [modloading-worker-0/INFO] [Dungeon Crawl/]: Here we go! Launching Dungeon Crawl 2.3.15...
[16Mar2025 04:54:47.381] [modloading-worker-0/INFO] [com.scouter.netherdepthsupgrade.modcompat.FarmersDelightCompat/]: Setting up compat for Farmers Delight
[16Mar2025 04:54:47.476] [modloading-worker-0/INFO] [AutoMessage/]: Hello Forge world!
[16Mar2025 04:54:47.482] [modloading-worker-0/INFO] [AutoMessage/]: Hello from AutoMessage Common init on Forge! we are currently in a production environment!
[16Mar2025 04:54:47.483] [modloading-worker-0/INFO] [AutoMessage/]: The ID for diamonds is minecraft:diamond
[16Mar2025 04:54:47.483] [modloading-worker-0/INFO] [AutoMessage/]: Hello to AutoMessage
[16Mar2025 04:54:48.012] [modloading-worker-0/INFO] [Puzzles Lib/]: Constructing common components for diagonalfences:main
[16Mar2025 04:54:49.795] [main/INFO] [snownee.kiwi.Kiwi/INIT]: Module [snowrealmagic:core] initialized
[16Mar2025 04:54:49.797] [main/INFO] [snownee.kiwi.Kiwi/INIT]: 		block: 7, block_entity_type: 2, entity_type: 1, loot_pool_entry_type: 1
[16Mar2025 04:54:49.797] [main/INFO] [snownee.kiwi.Kiwi/INIT]: Module [kiwi:block_templates] initialized
[16Mar2025 04:54:49.798] [main/INFO] [snownee.kiwi.Kiwi/INIT]: Module [kiwi:block_components] initialized
[16Mar2025 04:54:49.798] [main/INFO] [snownee.kiwi.Kiwi/INIT]: Module [kiwi:data] initialized
[16Mar2025 04:54:49.798] [main/INFO] [snownee.kiwi.Kiwi/INIT]: 		recipe_serializer: 3
[16Mar2025 04:54:49.799] [main/INFO] [snownee.kiwi.Kiwi/INIT]: Module [kiwi:item_templates] initialized
[16Mar2025 04:54:50.028] [main/WARN] [net.minecraftforge.registries.ForgeRegistry/REGISTRIES]: Registry minecraft:sound_event: The object net.minecraft.sounds.SoundEvent@4cb9209b has been registered twice for the same name treechop:chop_wood.
[16Mar2025 04:54:50.213] [main/INFO] [Diagonal Blocks/]: Constructing shapes for ForgeDiagonalWallBlock[NodeWidth=0.0,ExtensionWidth=3.0,NodeTop=24.0,ExtensionBottom=0.0,ExtensionTop=24.0] took 98ms
[16Mar2025 04:54:50.407] [main/INFO] [Diagonal Blocks/]: Constructing shapes for ForgeDiagonalWallBlock[NodeWidth=0.0,ExtensionWidth=3.0,NodeTop=0.0,ExtensionBottom=0.0,ExtensionTop=14.0] took 189ms
[16Mar2025 04:54:50.655] [main/INFO] [Diagonal Blocks/]: Constructing shapes for ForgeDiagonalWallBlock[NodeWidth=4.0,ExtensionWidth=3.0,NodeTop=16.0,ExtensionBottom=0.0,ExtensionTop=14.0] took 236ms
[16Mar2025 04:54:50.741] [main/INFO] [Diagonal Blocks/]: Constructing shapes for ForgeDiagonalWallBlock[NodeWidth=4.0,ExtensionWidth=3.0,NodeTop=24.0,ExtensionBottom=0.0,ExtensionTop=24.0] took 85ms
[16Mar2025 04:54:50.958] [main/INFO] [Diagonal Blocks/]: Constructing shapes for ForgeDiagonalFenceBlock[NodeWidth=2.0,ExtensionWidth=2.0,NodeTop=24.0,ExtensionBottom=0.0,ExtensionTop=24.0] took 71ms
[16Mar2025 04:54:51.039] [main/INFO] [Diagonal Blocks/]: Constructing shapes for ForgeDiagonalFenceBlock[NodeWidth=2.0,ExtensionWidth=2.0,NodeTop=16.0,ExtensionBottom=0.0,ExtensionTop=16.0] took 80ms
[16Mar2025 04:54:51.156] [main/INFO] [Diagonal Blocks/]: Constructing shapes for ForgeDiagonalFenceBlock[NodeWidth=2.0,ExtensionWidth=1.0,NodeTop=16.0,ExtensionBottom=6.0,ExtensionTop=15.0] took 114ms
[16Mar2025 04:54:52.514] [main/INFO] [Diagonal Blocks/]: Constructing shapes for ForgeDiagonalGlassPaneBlock[NodeWidth=1.0,ExtensionWidth=1.0,NodeTop=16.0,ExtensionBottom=0.0,ExtensionTop=16.0] took 33ms
[16Mar2025 04:54:55.103] [main/WARN] [Moonlight/]: Failed to find custom wood type biomesoplenty:red_maple
[16Mar2025 04:54:55.104] [main/WARN] [Moonlight/]: Failed to find custom wood type biomesoplenty:orange_maple
[16Mar2025 04:54:55.104] [main/WARN] [Moonlight/]: Failed to find custom wood type biomesoplenty:yellow_maple
[16Mar2025 04:54:55.124] [main/INFO] [Moonlight/]: Initialized block sets in 51ms
[16Mar2025 04:54:58.499] [main/WARN] [net.minecraft.network.syncher.SynchedEntityData/]: defineId called for: class com.github.alexmodguy.alexscaves.server.entity.living.TremorzillaEntity from class com.github.alexmodguy.alexscaves.server.entity.living.LicowitchEntity
[16Mar2025 04:54:58.777] [main/INFO] [Puzzles Lib/]: Loading common config for stoneworks
[16Mar2025 04:54:58.782] [main/WARN] [net.minecraftforge.common.ForgeConfigSpec/CORE]: Configuration file /workspaces/Minecraft-Dinosaurios/servidor_minecraft/config/unusualprehistory-common.toml is not correct. Correcting
[16Mar2025 04:54:58.783] [main/WARN] [net.minecraftforge.common.ForgeConfigSpec/CORE]: Incorrect key brachi_sound_volume was corrected from 3.0 to its default, 3.0. 
[16Mar2025 04:54:58.784] [main/WARN] [net.minecraftforge.common.ForgeConfigSpec/CORE]: Incorrect key brachi_teen_sound_volume was corrected from 1.5 to its default, 1.5. 
[16Mar2025 04:54:58.785] [main/WARN] [net.minecraftforge.common.ForgeConfigSpec/CORE]: Incorrect key rex_sound_volume was corrected from 0.5 to its default, 0.5. 
[16Mar2025 04:54:59.256] [modloading-worker-0/INFO] [io.github.jamalam360.rightclickharvest.RightClickHarvestModInit/]: Initialized
[16Mar2025 04:54:59.262] [modloading-worker-0/INFO] [bagus_lib/]: Load Bagus Lib Supporter
[16Mar2025 04:54:59.503] [modloading-worker-0/INFO] [me.steinborn.krypton.mod.shared.Krypton/]: Compression will use libdeflate (Linux x86_64), encryption will use OpenSSL 1.1.x (Linux x86_64)
[16Mar2025 04:54:59.523] [modloading-worker-0/INFO] [com.chunksending.ChunkSending/]: chunksending mod initialized
[16Mar2025 04:54:59.540] [modloading-worker-0/INFO] [com.connectivity.Connectivity/]: Connectivity initialized
[16Mar2025 04:54:59.548] [modloading-worker-0/INFO] [com.structureessentials.StructureEssentials/]: structureessentials mod initialized
[16Mar2025 04:54:59.785] [modloading-worker-0/INFO] [FTB XMod Compat/]: Chose [Entity Tags] as the active game stages implementation
[16Mar2025 04:54:59.789] [modloading-worker-0/INFO] [FTB XMod Compat/]: Chose [FALLBACK] as the active permissions implementation
[16Mar2025 04:54:59.792] [modloading-worker-0/INFO] [FTB XMod Compat/]: [FTB Quests] recipe helper provider is [JEI]
[16Mar2025 04:54:59.797] [modloading-worker-0/INFO] [FTB XMod Compat/]: [FTB Quests] Enabled Item Filters integration
[16Mar2025 04:54:59.867] [Forge Version Check/INFO] [net.minecraftforge.fml.VersionChecker/]: [easyanvils] Starting version check at https://raw.githubusercontent.com/Fuzss/modresources/main/update/easyanvils.json
[16Mar2025 04:54:59.875] [modloading-worker-0/INFO] [Dungeon Crawl/]: Common Setup
[16Mar2025 04:55:00.216] [Forge Version Check/INFO] [net.minecraftforge.fml.VersionChecker/]: [easyanvils] Found status: UP_TO_DATE Current: 8.0.2 Target: null
[16Mar2025 04:55:00.217] [Forge Version Check/INFO] [net.minecraftforge.fml.VersionChecker/]: [sound_physics_remastered] Starting version check at https://update.maxhenkel.de/forge/sound_physics_remastered
[16Mar2025 04:55:00.270] [main/INFO] [dev.architectury.networking.forge.NetworkManagerImpl/]: Registering C2S receiver with id questsadditions:submit_structure
[16Mar2025 04:55:00.298] [main/INFO] [terrablender/]: Registered region minecraft:overworld to index 0 for type OVERWORLD
[16Mar2025 04:55:00.298] [main/INFO] [terrablender/]: Registered region minecraft:nether to index 0 for type NETHER
[16Mar2025 04:55:00.298] [main/INFO] [terrablender/]: Registered region biomesoplenty:overworld_primary to index 1 for type OVERWORLD
[16Mar2025 04:55:00.298] [main/INFO] [terrablender/]: Registered region biomesoplenty:overworld_secondary to index 2 for type OVERWORLD
[16Mar2025 04:55:00.298] [main/INFO] [terrablender/]: Registered region biomesoplenty:overworld_rare to index 3 for type OVERWORLD
[16Mar2025 04:55:00.298] [main/INFO] [terrablender/]: Registered region biomesoplenty:nether_common to index 1 for type NETHER
[16Mar2025 04:55:00.299] [main/INFO] [terrablender/]: Registered region biomesoplenty:nether_rare to index 2 for type NETHER
[16Mar2025 04:55:00.507] [main/INFO] [Framework/SYNCED_ENTITY_DATA]: Registered synced data key refurbished_furniture:lock_yaw for refurbished_furniture:seat
[16Mar2025 04:55:00.553] [main/INFO] [journeymap/]: Initializing Packet Registries
[16Mar2025 04:55:00.695] [main/INFO] [Moonlight/]: Initialized color sets in 101ms
[16Mar2025 04:55:01.122] [modloading-worker-0/INFO] [AttributeFix/]: Loaded values for 31 compatible attributes.
[16Mar2025 04:55:01.131] [modloading-worker-0/INFO] [AttributeFix/]: Loaded 31 values from config.
[16Mar2025 04:55:01.142] [modloading-worker-0/INFO] [AttributeFix/]: Saving config file. 31 entries.
[16Mar2025 04:55:01.143] [modloading-worker-0/INFO] [AttributeFix/]: Applying changes for 31 attributes.
[16Mar2025 04:55:01.203] [modloading-worker-0/INFO] [Jade/]: Start loading plugin at net.blay09.mods.balm.forge.compat.hudinfo.ForgeJadeModCompat
[16Mar2025 04:55:01.213] [modloading-worker-0/INFO] [Jade/]: Start loading plugin at snownee.snow.compat.jade.JadeCompat
[16Mar2025 04:55:01.214] [modloading-worker-0/INFO] [Jade/]: Start loading plugin at ovh.corail.tombstone.compatibility.IntegrationJade
[16Mar2025 04:55:01.214] [modloading-worker-0/INFO] [Jade/]: Start loading plugin at snownee.kiwi.customization.compat.jade.JadeCompat
[16Mar2025 04:55:01.215] [modloading-worker-0/INFO] [Jade/]: Start loading plugin at ht.treechop.compat.Jade
[16Mar2025 04:55:01.215] [modloading-worker-0/INFO] [Jade/]: Start loading plugin at twilightforest.compat.jade.JadeCompat
[16Mar2025 04:55:01.216] [modloading-worker-0/INFO] [Jade/]: Start loading plugin at net.blay09.mods.waystones.compat.JadeIntegration
[16Mar2025 04:55:01.217] [modloading-worker-0/INFO] [Jade/]: Start loading plugin at snownee.jade.addon.vanilla.VanillaPlugin
[16Mar2025 04:55:01.231] [modloading-worker-0/INFO] [Jade/]: Start loading plugin at snownee.jade.addon.universal.UniversalPlugin
[16Mar2025 04:55:01.235] [modloading-worker-0/INFO] [Jade/]: Start loading plugin at snownee.jade.addon.core.CorePlugin
[16Mar2025 04:55:01.236] [modloading-worker-0/INFO] [Jade/]: Start loading plugin at de.maxhenkel.easyvillagers.integration.waila.PluginEasyVillagers
[16Mar2025 04:55:01.269] [Forge Version Check/INFO] [net.minecraftforge.fml.VersionChecker/]: [sound_physics_remastered] Found status: AHEAD Current: 1.20.1-1.4.8 Target: null
[16Mar2025 04:55:01.269] [Forge Version Check/INFO] [net.minecraftforge.fml.VersionChecker/]: [advancementplaques] Starting version check at https://mc-update-check.anthonyhilyard.com/499826
[16Mar2025 04:55:01.719] [Forge Version Check/INFO] [net.minecraftforge.fml.VersionChecker/]: [advancementplaques] Found status: UP_TO_DATE Current: 1.6.9 Target: null
[16Mar2025 04:55:01.719] [Forge Version Check/INFO] [net.minecraftforge.fml.VersionChecker/]: [highlighter] Starting version check at https://mc-update-check.anthonyhilyard.com/521590
[16Mar2025 04:55:01.783] [Forge Version Check/INFO] [net.minecraftforge.fml.VersionChecker/]: [highlighter] Found status: UP_TO_DATE Current: 1.1.9 Target: null
[16Mar2025 04:55:01.784] [Forge Version Check/INFO] [net.minecraftforge.fml.VersionChecker/]: [searchables] Starting version check at https://updates.blamejared.com/get?n=searchables&gv=1.20.1
[16Mar2025 04:55:02.353] [Forge Version Check/INFO] [net.minecraftforge.fml.VersionChecker/]: [searchables] Found status: BETA Current: 1.0.3 Target: 1.0.3
[16Mar2025 04:55:02.354] [Forge Version Check/INFO] [net.minecraftforge.fml.VersionChecker/]: [tombstone] Starting version check at https://raw.githubusercontent.com/Corail31/tombstone_lite/master/update.json
[16Mar2025 04:55:02.366] [Forge Version Check/INFO] [net.minecraftforge.fml.VersionChecker/]: [tombstone] Found status: UP_TO_DATE Current: 8.9.2 Target: null
[16Mar2025 04:55:02.366] [Forge Version Check/INFO] [net.minecraftforge.fml.VersionChecker/]: [mcwroofs] Starting version check at https://raw.githubusercontent.com/sketchmacaw/macawsmods/master/roofs.json
[16Mar2025 04:55:02.379] [Forge Version Check/INFO] [net.minecraftforge.fml.VersionChecker/]: [mcwroofs] Found status: UP_TO_DATE Current: 2.3.1 Target: null
[16Mar2025 04:55:02.379] [Forge Version Check/INFO] [net.minecraftforge.fml.VersionChecker/]: [netherchested] Starting version check at https://raw.githubusercontent.com/Fuzss/modresources/main/update/netherchested.json
[16Mar2025 04:55:02.393] [Forge Version Check/INFO] [net.minecraftforge.fml.VersionChecker/]: [netherchested] Found status: UP_TO_DATE Current: 8.0.4 Target: null
[16Mar2025 04:55:02.393] [Forge Version Check/INFO] [net.minecraftforge.fml.VersionChecker/]: [betterburning] Starting version check at https://updates.blamejared.com/get?n=betterburning&gv=1.20.1
[16Mar2025 04:55:02.547] [Forge Version Check/INFO] [net.minecraftforge.fml.VersionChecker/]: [betterburning] Found status: BETA Current: 9.0.2 Target: 9.0.2
[16Mar2025 04:55:02.549] [Forge Version Check/INFO] [net.minecraftforge.fml.VersionChecker/]: [radium] Starting version check at https://api.modrinth.com/updates/radium/forge_updates.json
[16Mar2025 04:55:02.749] [main/INFO] [com.mojang.authlib.yggdrasil.YggdrasilAuthenticationService/]: Environment: authHost='https://authserver.mojang.com', accountsHost='https://api.mojang.com', sessionHost='https://sessionserver.mojang.com', servicesHost='https://api.minecraftservices.com', name='PROD'
[16Mar2025 04:55:02.786] [Forge Version Check/INFO] [net.minecraftforge.fml.VersionChecker/]: [radium] Found status: AHEAD Current: 0.12.4+git.26c9d8e Target: null
[16Mar2025 04:55:02.787] [Forge Version Check/INFO] [net.minecraftforge.fml.VersionChecker/]: [puzzlesapi] Starting version check at https://raw.githubusercontent.com/Fuzss/modresources/main/update/puzzlesapi.json
[16Mar2025 04:55:02.801] [Forge Version Check/INFO] [net.minecraftforge.fml.VersionChecker/]: [puzzlesapi] Found status: BETA Current: 8.1.7 Target: null
[16Mar2025 04:55:02.801] [Forge Version Check/INFO] [net.minecraftforge.fml.VersionChecker/]: [visualworkbench] Starting version check at https://raw.githubusercontent.com/Fuzss/modresources/main/update/visualworkbench.json
[16Mar2025 04:55:02.815] [Forge Version Check/INFO] [net.minecraftforge.fml.VersionChecker/]: [visualworkbench] Found status: UP_TO_DATE Current: 8.0.0 Target: null
[16Mar2025 04:55:02.816] [Forge Version Check/INFO] [net.minecraftforge.fml.VersionChecker/]: [universalbonemeal] Starting version check at https://raw.githubusercontent.com/Fuzss/modresources/main/update/universalbonemeal.json
[16Mar2025 04:55:02.830] [Forge Version Check/INFO] [net.minecraftforge.fml.VersionChecker/]: [universalbonemeal] Found status: UP_TO_DATE Current: 8.0.1 Target: null
[16Mar2025 04:55:02.831] [Forge Version Check/INFO] [net.minecraftforge.fml.VersionChecker/]: [attributefix] Starting version check at https://updates.blamejared.com/get?n=attributefix&gv=1.20.1
[16Mar2025 04:55:03.064] [Forge Version Check/INFO] [net.minecraftforge.fml.VersionChecker/]: [attributefix] Found status: BETA Current: 21.0.4 Target: 21.0.4
[16Mar2025 04:55:03.068] [Forge Version Check/INFO] [net.minecraftforge.fml.VersionChecker/]: [goblintraders] Starting version check at https://mrcrayfish.com/modupdatejson?id=goblintraders
[16Mar2025 04:55:03.263] [Forge Version Check/INFO] [net.minecraftforge.fml.VersionChecker/]: [goblintraders] Found status: BETA Current: 1.9.3 Target: 1.9.3
[16Mar2025 04:55:03.263] [Forge Version Check/INFO] [net.minecraftforge.fml.VersionChecker/]: [stoneworks] Starting version check at https://raw.githubusercontent.com/Fuzss/modresources/main/update/stoneworks.json
[16Mar2025 04:55:03.279] [Forge Version Check/INFO] [net.minecraftforge.fml.VersionChecker/]: [stoneworks] Found status: UP_TO_DATE Current: 8.0.0 Target: null
[16Mar2025 04:55:03.279] [Forge Version Check/INFO] [net.minecraftforge.fml.VersionChecker/]: [puzzlesaccessapi] Starting version check at https://raw.githubusercontent.com/Fuzss/modresources/main/update/puzzlesaccessapi.json
[16Mar2025 04:55:03.296] [Forge Version Check/INFO] [net.minecraftforge.fml.VersionChecker/]: [puzzlesaccessapi] Found status: BETA Current: 8.0.9 Target: null
[16Mar2025 04:55:03.297] [Forge Version Check/INFO] [net.minecraftforge.fml.VersionChecker/]: [forge] Starting version check at https://files.minecraftforge.net/net/minecraftforge/forge/promotions_slim.json
[16Mar2025 04:55:03.532] [Forge Version Check/INFO] [net.minecraftforge.fml.VersionChecker/]: [forge] Found status: OUTDATED Current: 47.3.0 Target: 47.4.0
[16Mar2025 04:55:03.532] [Forge Version Check/INFO] [net.minecraftforge.fml.VersionChecker/]: [mcwpaths] Starting version check at https://raw.githubusercontent.com/sketchmacaw/macawsmods/master/paths.json
[16Mar2025 04:55:03.562] [Forge Version Check/INFO] [net.minecraftforge.fml.VersionChecker/]: [mcwpaths] Found status: UP_TO_DATE Current: 1.1.0 Target: null
[16Mar2025 04:55:03.563] [Forge Version Check/INFO] [net.minecraftforge.fml.VersionChecker/]: [puzzleslib] Starting version check at https://raw.githubusercontent.com/Fuzss/modresources/main/update/puzzleslib.json
[16Mar2025 04:55:03.580] [Forge Version Check/INFO] [net.minecraftforge.fml.VersionChecker/]: [puzzleslib] Found status: OUTDATED Current: 8.1.25 Target: 8.1.29
[16Mar2025 04:55:03.580] [Forge Version Check/INFO] [net.minecraftforge.fml.VersionChecker/]: [aquamirae] Starting version check at https://raw.githubusercontent.com/ObscuriaLithium/Home/main/aquamirae/versions.json
[16Mar2025 04:55:03.599] [Forge Version Check/WARN] [net.minecraftforge.fml.VersionChecker/]: Failed to process update information
com.google.gson.JsonSyntaxException: java.lang.IllegalStateException: Expected BEGIN_OBJECT but was NUMBER at line 1 column 4 path $
	at com.google.gson.Gson.fromJson(Gson.java:1226) ~[gson-2.10.jar%2372!/:?]
	at com.google.gson.Gson.fromJson(Gson.java:1124) ~[gson-2.10.jar%2372!/:?]
	at com.google.gson.Gson.fromJson(Gson.java:1034) ~[gson-2.10.jar%2372!/:?]
	at com.google.gson.Gson.fromJson(Gson.java:969) ~[gson-2.10.jar%2372!/:?]
	at net.minecraftforge.fml.VersionChecker$1.process(VersionChecker.java:183) ~[fmlcore-1.20.1-47.3.0.jar%23540!/:?]
	at java.lang.Iterable.forEach(Iterable.java:75) ~[?:?]
	at net.minecraftforge.fml.VersionChecker$1.run(VersionChecker.java:114) ~[fmlcore-1.20.1-47.3.0.jar%23540!/:?]
Caused by: java.lang.IllegalStateException: Expected BEGIN_OBJECT but was NUMBER at line 1 column 4 path $
	at com.google.gson.stream.JsonReader.beginObject(JsonReader.java:393) ~[gson-2.10.jar%2372!/:?]
	at com.google.gson.internal.bind.MapTypeAdapterFactory$Adapter.read(MapTypeAdapterFactory.java:182) ~[gson-2.10.jar%2372!/:?]
	at com.google.gson.internal.bind.MapTypeAdapterFactory$Adapter.read(MapTypeAdapterFactory.java:144) ~[gson-2.10.jar%2372!/:?]
	at com.google.gson.Gson.fromJson(Gson.java:1214) ~[gson-2.10.jar%2372!/:?]
	... 6 more
[16Mar2025 04:55:03.601] [Forge Version Check/INFO] [net.minecraftforge.fml.VersionChecker/]: [illagerinvasion] Starting version check at https://raw.githubusercontent.com/Fuzss/modresources/main/update/illagerinvasion.json
[16Mar2025 04:55:03.625] [Forge Version Check/INFO] [net.minecraftforge.fml.VersionChecker/]: [illagerinvasion] Found status: UP_TO_DATE Current: 8.0.7 Target: null
[16Mar2025 04:55:03.625] [Forge Version Check/INFO] [net.minecraftforge.fml.VersionChecker/]: [bookshelf] Starting version check at https://updates.blamejared.com/get?n=bookshelf&gv=1.20.1
[16Mar2025 04:55:03.772] [Forge Version Check/INFO] [net.minecraftforge.fml.VersionChecker/]: [bookshelf] Found status: BETA Current: 20.2.13 Target: 20.2.13
[16Mar2025 04:55:03.772] [Forge Version Check/INFO] [net.minecraftforge.fml.VersionChecker/]: [additionalstructures] Starting version check at https://raw.githubusercontent.com/XxRexRaptorxX/Update-Checker/main/AdditionalStructures.json
[16Mar2025 04:55:03.795] [Forge Version Check/INFO] [net.minecraftforge.fml.VersionChecker/]: [additionalstructures] Found status: UP_TO_DATE Current: 4.2.2 Target: null
[16Mar2025 04:55:03.795] [Forge Version Check/INFO] [net.minecraftforge.fml.VersionChecker/]: [twilightforest] Starting version check at https://gh.tamaized.com/TeamTwilight/twilightforest/update.json
[16Mar2025 04:55:04.142] [main/WARN] [net.minecraft.server.packs.VanillaPackResourcesBuilder/]: Assets URL 'union:/workspaces/Minecraft-Dinosaurios/servidor_minecraft/libraries/net/minecraft/server/1.20.1-20230612.114412/server-1.20.1-20230612.114412-srg.jar%23539!/assets/.mcassetsroot' uses unexpected schema
[16Mar2025 04:55:04.142] [main/WARN] [net.minecraft.server.packs.VanillaPackResourcesBuilder/]: Assets URL 'union:/workspaces/Minecraft-Dinosaurios/servidor_minecraft/libraries/net/minecraft/server/1.20.1-20230612.114412/server-1.20.1-20230612.114412-srg.jar%23539!/data/.mcassetsroot' uses unexpected schema
[16Mar2025 04:55:04.159] [Forge Version Check/INFO] [net.minecraftforge.fml.VersionChecker/]: [twilightforest] Found status: AHEAD Current: 4.3.2508 Target: null
[16Mar2025 04:55:04.160] [Forge Version Check/INFO] [net.minecraftforge.fml.VersionChecker/]: [diagonalwalls] Starting version check at https://raw.githubusercontent.com/Fuzss/modresources/main/update/diagonalwalls.json
[16Mar2025 04:55:04.175] [Forge Version Check/INFO] [net.minecraftforge.fml.VersionChecker/]: [diagonalwalls] Found status: UP_TO_DATE Current: 8.0.4 Target: null
[16Mar2025 04:55:04.177] [Forge Version Check/INFO] [net.minecraftforge.fml.VersionChecker/]: [diagonalblocks] Starting version check at https://raw.githubusercontent.com/Fuzss/modresources/main/update/diagonalblocks.json
[16Mar2025 04:55:04.191] [Forge Version Check/INFO] [net.minecraftforge.fml.VersionChecker/]: [diagonalblocks] Found status: BETA Current: 8.0.6 Target: null
[16Mar2025 04:55:04.191] [Forge Version Check/INFO] [net.minecraftforge.fml.VersionChecker/]: [mcwbridges] Starting version check at https://raw.githubusercontent.com/sketchmacaw/macawsmods/master/bridges.json
[16Mar2025 04:55:04.204] [Forge Version Check/INFO] [net.minecraftforge.fml.VersionChecker/]: [mcwbridges] Found status: UP_TO_DATE Current: 3.0.0 Target: null
[16Mar2025 04:55:04.204] [Forge Version Check/INFO] [net.minecraftforge.fml.VersionChecker/]: [mcwfences] Starting version check at https://raw.githubusercontent.com/sketchmacaw/macawsmods/master/fences.json
[16Mar2025 04:55:04.218] [Forge Version Check/INFO] [net.minecraftforge.fml.VersionChecker/]: [mcwfences] Found status: UP_TO_DATE Current: 1.1.2 Target: null
[16Mar2025 04:55:04.218] [Forge Version Check/INFO] [net.minecraftforge.fml.VersionChecker/]: [diagonalwindows] Starting version check at https://raw.githubusercontent.com/Fuzss/modresources/main/update/diagonalwindows.json
[16Mar2025 04:55:04.230] [Forge Version Check/INFO] [net.minecraftforge.fml.VersionChecker/]: [diagonalwindows] Found status: UP_TO_DATE Current: 8.1.5 Target: null
[16Mar2025 04:55:04.230] [Forge Version Check/INFO] [net.minecraftforge.fml.VersionChecker/]: [refurbished_furniture] Starting version check at https://mrcrayfish.com/api/mod_update/forge/refurbished_furniture
[16Mar2025 04:55:04.282] [Forge Version Check/INFO] [net.minecraftforge.fml.VersionChecker/]: [refurbished_furniture] Found status: BETA Current: 1.0.12 Target: 1.0.12
[16Mar2025 04:55:04.282] [Forge Version Check/INFO] [net.minecraftforge.fml.VersionChecker/]: [framework] Starting version check at https://mrcrayfish.com/modupdatejson?id=framework
[16Mar2025 04:55:04.379] [Forge Version Check/INFO] [net.minecraftforge.fml.VersionChecker/]: [framework] Found status: BETA Current: 0.7.12 Target: 0.7.12
[16Mar2025 04:55:04.379] [Forge Version Check/INFO] [net.minecraftforge.fml.VersionChecker/]: [obscure_api] Starting version check at https://raw.githubusercontent.com/ObscuriaLithium/Home/main/obscure_api/versions.json
[16Mar2025 04:55:04.395] [Forge Version Check/WARN] [net.minecraftforge.fml.VersionChecker/]: Failed to process update information
com.google.gson.JsonSyntaxException: java.lang.IllegalStateException: Expected BEGIN_OBJECT but was NUMBER at line 1 column 4 path $
	at com.google.gson.Gson.fromJson(Gson.java:1226) ~[gson-2.10.jar%2372!/:?]
	at com.google.gson.Gson.fromJson(Gson.java:1124) ~[gson-2.10.jar%2372!/:?]
	at com.google.gson.Gson.fromJson(Gson.java:1034) ~[gson-2.10.jar%2372!/:?]
	at com.google.gson.Gson.fromJson(Gson.java:969) ~[gson-2.10.jar%2372!/:?]
	at net.minecraftforge.fml.VersionChecker$1.process(VersionChecker.java:183) ~[fmlcore-1.20.1-47.3.0.jar%23540!/:?]
	at java.lang.Iterable.forEach(Iterable.java:75) ~[?:?]
	at net.minecraftforge.fml.VersionChecker$1.run(VersionChecker.java:114) ~[fmlcore-1.20.1-47.3.0.jar%23540!/:?]
Caused by: java.lang.IllegalStateException: Expected BEGIN_OBJECT but was NUMBER at line 1 column 4 path $
	at com.google.gson.stream.JsonReader.beginObject(JsonReader.java:393) ~[gson-2.10.jar%2372!/:?]
	at com.google.gson.internal.bind.MapTypeAdapterFactory$Adapter.read(MapTypeAdapterFactory.java:182) ~[gson-2.10.jar%2372!/:?]
	at com.google.gson.internal.bind.MapTypeAdapterFactory$Adapter.read(MapTypeAdapterFactory.java:144) ~[gson-2.10.jar%2372!/:?]
	at com.google.gson.Gson.fromJson(Gson.java:1214) ~[gson-2.10.jar%2372!/:?]
	... 6 more
[16Mar2025 04:55:04.397] [Forge Version Check/INFO] [net.minecraftforge.fml.VersionChecker/]: [ageofweapons] Starting version check at https://raw.githubusercontent.com/XxRexRaptorxX/Update-Checker/main/AgeOfWeapons.json
[16Mar2025 04:55:04.508] [Forge Version Check/INFO] [net.minecraftforge.fml.VersionChecker/]: [ageofweapons] Found status: UP_TO_DATE Current: 1.3.2b Target: null
[16Mar2025 04:55:04.509] [Forge Version Check/INFO] [net.minecraftforge.fml.VersionChecker/]: [clumps] Starting version check at https://updates.blamejared.com/get?n=clumps&gv=1.20.1
[16Mar2025 04:55:04.654] [Forge Version Check/INFO] [net.minecraftforge.fml.VersionChecker/]: [clumps] Found status: BETA Current: 12.0.0.4 Target: 12.0.0.4
[16Mar2025 04:55:04.655] [Forge Version Check/INFO] [net.minecraftforge.fml.VersionChecker/]: [journeymap] Starting version check at https://forge.curseupdate.com/32274/journeymap
[16Mar2025 04:55:04.947] [Forge Version Check/INFO] [net.minecraftforge.fml.VersionChecker/]: [journeymap] Found status: UP_TO_DATE Current: 5.10.3 Target: null
[16Mar2025 04:55:04.947] [Forge Version Check/INFO] [net.minecraftforge.fml.VersionChecker/]: [moonlight] Starting version check at https://raw.githubusercontent.com/MehVahdJukaar/Moonlight/multi-loader/forge/update.json
[16Mar2025 04:55:04.962] [Forge Version Check/INFO] [net.minecraftforge.fml.VersionChecker/]: [moonlight] Found status: BETA Current: 1.20-2.13.71 Target: null
[16Mar2025 04:55:04.963] [Forge Version Check/INFO] [net.minecraftforge.fml.VersionChecker/]: [days_in_the_middle_ages] Starting version check at https://raw.githubusercontent.com/PlayTics/playtics.github.io/main/update.json
[16Mar2025 04:55:05.097] [Forge Version Check/WARN] [net.minecraftforge.fml.VersionChecker/]: Failed to process update information
com.google.gson.JsonSyntaxException: java.lang.IllegalStateException: Expected BEGIN_OBJECT but was NUMBER at line 1 column 4 path $
	at com.google.gson.Gson.fromJson(Gson.java:1226) ~[gson-2.10.jar%2372!/:?]
	at com.google.gson.Gson.fromJson(Gson.java:1124) ~[gson-2.10.jar%2372!/:?]
	at com.google.gson.Gson.fromJson(Gson.java:1034) ~[gson-2.10.jar%2372!/:?]
	at com.google.gson.Gson.fromJson(Gson.java:969) ~[gson-2.10.jar%2372!/:?]
	at net.minecraftforge.fml.VersionChecker$1.process(VersionChecker.java:183) ~[fmlcore-1.20.1-47.3.0.jar%23540!/:?]
	at java.lang.Iterable.forEach(Iterable.java:75) ~[?:?]
	at net.minecraftforge.fml.VersionChecker$1.run(VersionChecker.java:114) ~[fmlcore-1.20.1-47.3.0.jar%23540!/:?]
Caused by: java.lang.IllegalStateException: Expected BEGIN_OBJECT but was NUMBER at line 1 column 4 path $
	at com.google.gson.stream.JsonReader.beginObject(JsonReader.java:393) ~[gson-2.10.jar%2372!/:?]
	at com.google.gson.internal.bind.MapTypeAdapterFactory$Adapter.read(MapTypeAdapterFactory.java:182) ~[gson-2.10.jar%2372!/:?]
	at com.google.gson.internal.bind.MapTypeAdapterFactory$Adapter.read(MapTypeAdapterFactory.java:144) ~[gson-2.10.jar%2372!/:?]
	at com.google.gson.Gson.fromJson(Gson.java:1214) ~[gson-2.10.jar%2372!/:?]
	... 6 more
[16Mar2025 04:55:05.098] [Forge Version Check/INFO] [net.minecraftforge.fml.VersionChecker/]: [easy_villagers] Starting version check at https://update.maxhenkel.de/forge/easy_villagers
[16Mar2025 04:55:05.244] [Forge Version Check/INFO] [net.minecraftforge.fml.VersionChecker/]: [easy_villagers] Found status: AHEAD Current: 1.20.1-1.1.23 Target: null
[16Mar2025 04:55:05.245] [Forge Version Check/INFO] [net.minecraftforge.fml.VersionChecker/]: [iceberg] Starting version check at https://mc-update-check.anthonyhilyard.com/520110
[16Mar2025 04:55:05.307] [Forge Version Check/INFO] [net.minecraftforge.fml.VersionChecker/]: [iceberg] Found status: UP_TO_DATE Current: 1.1.25 Target: null
[16Mar2025 04:55:05.307] [Forge Version Check/INFO] [net.minecraftforge.fml.VersionChecker/]: [diagonalfences] Starting version check at https://raw.githubusercontent.com/Fuzss/modresources/main/update/diagonalfences.json
[16Mar2025 04:55:05.326] [Forge Version Check/INFO] [net.minecraftforge.fml.VersionChecker/]: [diagonalfences] Found status: UP_TO_DATE Current: 8.1.5 Target: null
[16Mar2025 04:55:05.426] [main/INFO] [com.teamabnormals.blueprint.core.Blueprint/]: Successfully loaded 0 data remolders!
[16Mar2025 04:55:06.608] [main/INFO] [com.cupboard.Cupboard/]: Loaded config for: connectivity.json
[16Mar2025 04:55:10.147] [main/INFO] [com.github.alexthe666.alexsmobs.AlexsMobs/]: Adding datapack listener capsid_recipes
[16Mar2025 04:55:11.067] [Worker-Main-2/ERROR] [net.minecraft.tags.TagLoader/]: Couldn't load tag farmers_structures:is_quark_glimer_spawn as it is missing following references: quark:glimmering_weald (from FarmersStructures-1.0.3-1.20.jar)
[16Mar2025 04:55:11.538] [Worker-Main-3/ERROR] [net.minecraft.tags.TagLoader/]: Couldn't load tag days_in_the_middle_ages:arrow_slit_top as it is missing following references: mma:arrow_slit_top (from Forge 1.20.1 Minecraft Middle Ages 0.0.5.jar), 
	mma:arrowslittopmossy (from Forge 1.20.1 Minecraft Middle Ages 0.0.5.jar)
[16Mar2025 04:55:11.559] [Worker-Main-3/ERROR] [net.minecraft.tags.TagLoader/]: Couldn't load tag days_in_the_middle_ages:arrow_slit_bottom as it is missing following references: mma:arrowslitbottommossy (from Forge 1.20.1 Minecraft Middle Ages 0.0.5.jar), 
	mma:arrow_slit_bottom (from Forge 1.20.1 Minecraft Middle Ages 0.0.5.jar)
[16Mar2025 04:55:11.562] [Worker-Main-3/ERROR] [net.minecraft.tags.TagLoader/]: Couldn't load tag days_in_the_middle_ages:arrow_slit as it is missing following references: mma:arrow_slit_mossy (from Forge 1.20.1 Minecraft Middle Ages 0.0.5.jar), 
	mma:arrow_slit (from Forge 1.20.1 Minecraft Middle Ages 0.0.5.jar)
[16Mar2025 04:55:11.568] [Worker-Main-3/ERROR] [net.minecraft.tags.TagLoader/]: Couldn't load tag days_in_the_middle_ages:arrow_slit_middle as it is missing following references: mma:arrow_slit_middle (from Forge 1.20.1 Minecraft Middle Ages 0.0.5.jar), 
	mma:arrowslitmiddlemossy (from Forge 1.20.1 Minecraft Middle Ages 0.0.5.jar)
[16Mar2025 04:55:12.762] [Worker-Main-3/INFO] [dev.foxgirl.crabclaws.CrabclawsMod/]: Added crab claw loot pool to minecraft:chests/underwater_ruin_small
[16Mar2025 04:55:13.357] [Worker-Main-3/ERROR] [net.minecraftforge.common.ForgeHooks/]: Couldn't parse element loot_tables:seafarer:blocks/jumbled_shelly_sand
com.google.gson.JsonSyntaxException: Missing rolls
	at net.minecraft.util.GsonHelper.m_13836_(GsonHelper.java:473) ~[server-1.20.1-20230612.114412-srg.jar%23539!/:?]
	at net.minecraft.world.level.storage.loot.LootPool$Serializer.deserialize(LootPool.java:195) ~[server-1.20.1-20230612.114412-srg.jar%23539!/:?]
	at net.minecraft.world.level.storage.loot.LootPool$Serializer.deserialize(LootPool.java:189) ~[server-1.20.1-20230612.114412-srg.jar%23539!/:?]
	at com.google.gson.internal.bind.TreeTypeAdapter.read(TreeTypeAdapter.java:76) ~[gson-2.10.jar%2372!/:?]
	at com.google.gson.internal.bind.TypeAdapterRuntimeTypeWrapper.read(TypeAdapterRuntimeTypeWrapper.java:40) ~[gson-2.10.jar%2372!/:?]
	at com.google.gson.internal.bind.ArrayTypeAdapter.read(ArrayTypeAdapter.java:72) ~[gson-2.10.jar%2372!/:?]
	at com.google.gson.Gson.fromJson(Gson.java:1214) ~[gson-2.10.jar%2372!/:?]
	at com.google.gson.Gson.fromJson(Gson.java:1319) ~[gson-2.10.jar%2372!/:?]
	at com.google.gson.Gson.fromJson(Gson.java:1290) ~[gson-2.10.jar%2372!/:?]
	at com.google.gson.internal.bind.TreeTypeAdapter$GsonContextImpl.deserialize(TreeTypeAdapter.java:179) ~[gson-2.10.jar%2372!/:?]
	at net.minecraft.util.GsonHelper.m_13808_(GsonHelper.java:463) ~[server-1.20.1-20230612.114412-srg.jar%23539!/:?]
	at net.minecraft.util.GsonHelper.m_13845_(GsonHelper.java:481) ~[server-1.20.1-20230612.114412-srg.jar%23539!/:?]
	at net.minecraft.world.level.storage.loot.LootTable$Serializer.deserialize(LootTable.java:294) ~[server-1.20.1-20230612.114412-srg.jar%23539!/:?]
	at net.minecraft.world.level.storage.loot.LootTable$Serializer.deserialize(LootTable.java:291) ~[server-1.20.1-20230612.114412-srg.jar%23539!/:?]
	at com.google.gson.internal.bind.TreeTypeAdapter.read(TreeTypeAdapter.java:76) ~[gson-2.10.jar%2372!/:?]
	at com.google.gson.Gson.fromJson(Gson.java:1214) ~[gson-2.10.jar%2372!/:?]
	at com.google.gson.Gson.fromJson(Gson.java:1319) ~[gson-2.10.jar%2372!/:?]
	at com.google.gson.Gson.fromJson(Gson.java:1261) ~[gson-2.10.jar%2372!/:?]
	at net.minecraftforge.common.ForgeHooks.loadLootTable(ForgeHooks.java:871) ~[forge-1.20.1-47.3.0-universal.jar%23544!/:?]
	at net.minecraftforge.common.ForgeHooks.lambda$getLootTableDeserializer$3(ForgeHooks.java:848) ~[forge-1.20.1-47.3.0-universal.jar%23544!/:?]
	at net.minecraft.world.level.storage.loot.LootDataType.deserialize(LootDataType.java:45) ~[server-1.20.1-20230612.114412-srg.jar%23539!/:?]
	at net.minecraft.world.level.storage.loot.LootDataManager.lambda$scheduleElementParse$4(LootDataManager.java:56) ~[server-1.20.1-20230612.114412-srg.jar%23539!/:?]
	at java.util.HashMap.forEach(HashMap.java:1421) ~[?:?]
	at net.minecraft.world.level.storage.loot.LootDataManager.m_278660_(LootDataManager.java:55) ~[server-1.20.1-20230612.114412-srg.jar%23539!/:?]
	at java.util.concurrent.CompletableFuture$AsyncRun.run(CompletableFuture.java:1804) ~[?:?]
	at java.util.concurrent.CompletableFuture$AsyncRun.exec(CompletableFuture.java:1796) ~[?:?]
	at java.util.concurrent.ForkJoinTask.doExec(ForkJoinTask.java:373) ~[?:?]
	at java.util.concurrent.ForkJoinPool$WorkQueue.topLevelExec(ForkJoinPool.java:1182) ~[?:?]
	at java.util.concurrent.ForkJoinPool.scan(ForkJoinPool.java:1655) ~[?:?]
	at java.util.concurrent.ForkJoinPool.runWorker(ForkJoinPool.java:1622) ~[?:?]
	at java.util.concurrent.ForkJoinWorkerThread.run(ForkJoinWorkerThread.java:165) ~[?:?]
[16Mar2025 04:55:13.637] [Worker-Main-3/INFO] [dev.foxgirl.crabclaws.CrabclawsMod/]: Added crab claw loot pool to minecraft:chests/underwater_ruin_big
[16Mar2025 04:55:13.691] [main/INFO] [com.teamabnormals.blueprint.core.Blueprint/]: Loot Modification Manager has loaded 6 modifier groups
[16Mar2025 04:55:13.857] [main/INFO] [net.minecraft.world.item.crafting.RecipeManager/]: Skipping loading recipe upgrade_aquatic:driftwood_furnace_boat as it's serializer returned null
[16Mar2025 04:55:13.859] [main/INFO] [net.minecraft.world.item.crafting.RecipeManager/]: Skipping loading recipe upgrade_aquatic:river_button_from_river_planks_sawing as it's serializer returned null
[16Mar2025 04:55:13.861] [main/INFO] [net.minecraft.world.item.crafting.RecipeManager/]: Skipping loading recipe upgrade_aquatic:river_button_from_river_logs_sawing as it's serializer returned null
[16Mar2025 04:55:13.872] [main/INFO] [net.minecraft.world.item.crafting.RecipeManager/]: Skipping loading recipe upgrade_aquatic:river_door_from_river_logs_sawing as it's serializer returned null
[16Mar2025 04:55:13.883] [main/INFO] [net.minecraft.world.item.crafting.RecipeManager/]: Skipping loading recipe upgrade_aquatic:river_boards as it's serializer returned null
[16Mar2025 04:55:13.896] [main/INFO] [net.minecraft.world.item.crafting.RecipeManager/]: Skipping loading recipe upgrade_aquatic:driftwood_boards_from_driftwood_logs_sawing as it's serializer returned null
[16Mar2025 04:55:13.898] [main/INFO] [net.minecraft.world.item.crafting.RecipeManager/]: Skipping loading recipe upgrade_aquatic:kelpy_cobblestone_brick_stairs_from_kelpy_cobblestone_stonecutting as it's serializer returned null
[16Mar2025 04:55:13.898] [main/INFO] [net.minecraft.world.item.crafting.RecipeManager/]: Skipping loading recipe upgrade_aquatic:river_slab_from_river_logs_sawing as it's serializer returned null
[16Mar2025 04:55:13.899] [main/INFO] [net.minecraft.world.item.crafting.RecipeManager/]: Skipping loading recipe upgrade_aquatic:chiseled_river_bookshelf as it's serializer returned null
[16Mar2025 04:55:13.950] [main/INFO] [net.minecraft.world.item.crafting.RecipeManager/]: Skipping loading recipe upgrade_aquatic:river_stairs_from_river_planks_sawing as it's serializer returned null
[16Mar2025 04:55:13.952] [main/INFO] [net.minecraft.world.item.crafting.RecipeManager/]: Skipping loading recipe upgrade_aquatic:kelpy_cobblestone_tile_slab_from_kelpy_cobblestone_tiles_stonecutting as it's serializer returned null
[16Mar2025 04:55:13.958] [main/INFO] [net.minecraft.world.item.crafting.RecipeManager/]: Skipping loading recipe upgrade_aquatic:river_boards_from_river_planks_sawing as it's serializer returned null
[16Mar2025 04:55:13.976] [main/ERROR] [net.minecraft.world.item.crafting.RecipeManager/]: Parsing error loading recipe medieval_deco:guibottom: com.google.gson.JsonSyntaxException: Unknown item 'medieval_deco:guillotine'
[16Mar2025 04:55:13.981] [main/INFO] [net.minecraft.world.item.crafting.RecipeManager/]: Skipping loading recipe toolbelt:pouch_upgrade_1_via_sewing as it's serializer returned null
[16Mar2025 04:55:13.982] [main/INFO] [net.minecraft.world.item.crafting.RecipeManager/]: Skipping loading recipe twilightforest:jeed/frosted as it's serializer returned null
[16Mar2025 04:55:13.983] [main/INFO] [net.minecraft.world.item.crafting.RecipeManager/]: Skipping loading recipe upgrade_aquatic:kelpy_cobblestone_tiles as it's serializer returned null
[16Mar2025 04:55:13.988] [main/INFO] [net.minecraft.world.item.crafting.RecipeManager/]: Skipping loading recipe upgrade_aquatic:river_furnace_boat as it's serializer returned null
[16Mar2025 04:55:13.991] [main/INFO] [net.minecraft.world.item.crafting.RecipeManager/]: Skipping loading recipe twilightforest:jeed/hunger as it's serializer returned null
[16Mar2025 04:55:14.003] [main/INFO] [net.minecraft.world.item.crafting.RecipeManager/]: Skipping loading recipe upgrade_aquatic:river_ladder as it's serializer returned null
[16Mar2025 04:55:14.005] [main/INFO] [net.minecraft.world.item.crafting.RecipeManager/]: Skipping loading recipe upgrade_aquatic:kelpy_cobblestone_tile_wall as it's serializer returned null
[16Mar2025 04:55:14.009] [main/INFO] [net.minecraft.world.item.crafting.RecipeManager/]: Skipping loading recipe toolbelt:pouch_upgrade_3_via_sewing as it's serializer returned null
[16Mar2025 04:55:14.022] [main/INFO] [net.minecraft.world.item.crafting.RecipeManager/]: Skipping loading recipe upgrade_aquatic:river_fence_from_river_planks_sawing as it's serializer returned null
[16Mar2025 04:55:14.027] [main/INFO] [net.minecraft.world.item.crafting.RecipeManager/]: Skipping loading recipe toolbelt:pouch_upgrade_4_via_sewing as it's serializer returned null
[16Mar2025 04:55:14.029] [main/INFO] [net.minecraft.world.item.crafting.RecipeManager/]: Skipping loading recipe upgrade_aquatic:chiseled_driftwood_bookshelf as it's serializer returned null
[16Mar2025 04:55:14.031] [main/ERROR] [net.minecraft.world.item.crafting.RecipeManager/]: Parsing error loading recipe medieval_deco:guimiddle: com.google.gson.JsonSyntaxException: Unknown item 'medieval_deco:guillotine_middle'
[16Mar2025 04:55:14.032] [main/INFO] [net.minecraft.world.item.crafting.RecipeManager/]: Skipping loading recipe upgrade_aquatic:kelpy_cobblestone_tiles_from_kelpy_cobblestone_stonecutting as it's serializer returned null
[16Mar2025 04:55:14.037] [main/INFO] [net.minecraft.world.item.crafting.RecipeManager/]: Skipping loading recipe upgrade_aquatic:driftwood_fence_from_driftwood_planks_sawing as it's serializer returned null
[16Mar2025 04:55:14.038] [main/INFO] [net.minecraft.world.item.crafting.RecipeManager/]: Skipping loading recipe upgrade_aquatic:driftwood_boards as it's serializer returned null
[16Mar2025 04:55:14.047] [main/ERROR] [net.minecraft.world.item.crafting.RecipeManager/]: Parsing error loading recipe unusualprehistory:trike_shield_smithing: com.google.gson.JsonSyntaxException: Invalid or unsupported recipe type 'minecraft:smithing'
[16Mar2025 04:55:14.049] [main/INFO] [net.minecraft.world.item.crafting.RecipeManager/]: Skipping loading recipe upgrade_aquatic:river_beehive as it's serializer returned null
[16Mar2025 04:55:14.050] [main/INFO] [net.minecraft.world.item.crafting.RecipeManager/]: Skipping loading recipe upgrade_aquatic:driftwood_sign_from_driftwood_logs_sawing as it's serializer returned null
[16Mar2025 04:55:14.051] [main/INFO] [net.minecraft.world.item.crafting.RecipeManager/]: Skipping loading recipe toolbelt:pouch_upgrade_7_via_sewing as it's serializer returned null
[16Mar2025 04:55:14.058] [main/INFO] [net.minecraft.world.item.crafting.RecipeManager/]: Skipping loading recipe upgrade_aquatic:driftwood_button_from_driftwood_planks_sawing as it's serializer returned null
[16Mar2025 04:55:14.058] [main/INFO] [net.minecraft.world.item.crafting.RecipeManager/]: Skipping loading recipe twilightforest:jeed/blindness as it's serializer returned null
[16Mar2025 04:55:14.062] [main/INFO] [net.minecraft.world.item.crafting.RecipeManager/]: Skipping loading recipe upgrade_aquatic:kelpy_cobblestone_tile_wall_from_kelpy_cobblestone_bricks_stonecutting as it's serializer returned null
[16Mar2025 04:55:14.065] [main/INFO] [net.minecraft.world.item.crafting.RecipeManager/]: Skipping loading recipe upgrade_aquatic:driftwood_boards_from_driftwood_planks_sawing as it's serializer returned null
[16Mar2025 04:55:14.067] [main/ERROR] [net.minecraft.world.item.crafting.RecipeManager/]: Parsing error loading recipe medieval_craft_weapons:centurion_legginsc: com.google.gson.JsonSyntaxException: Unknown item 'medieval_craft_weapons:centurion_armor_leggings'
[16Mar2025 04:55:14.072] [main/INFO] [net.minecraft.world.item.crafting.RecipeManager/]: Skipping loading recipe upgrade_aquatic:river_slab_from_river_planks_sawing as it's serializer returned null
[16Mar2025 04:55:14.075] [main/INFO] [net.minecraft.world.item.crafting.RecipeManager/]: Skipping loading recipe upgrade_aquatic:driftwood_ladder_from_driftwood_logs_sawing as it's serializer returned null
[16Mar2025 04:55:14.075] [main/ERROR] [net.minecraft.world.item.crafting.RecipeManager/]: Parsing error loading recipe mobdropsrecipes_overworld:rotten_flesh: com.google.gson.JsonSyntaxException: Pattern references symbol 'S' but it's not defined in the key
[16Mar2025 04:55:14.076] [main/INFO] [net.minecraft.world.item.crafting.RecipeManager/]: Skipping loading recipe upgrade_aquatic:kelpy_cobblestone_tile_stairs as it's serializer returned null
[16Mar2025 04:55:14.076] [main/INFO] [net.minecraft.world.item.crafting.RecipeManager/]: Skipping loading recipe upgrade_aquatic:kelpy_cobblestone_brick_wall_from_kelpy_cobblestone_bricks_stonecutting as it's serializer returned null
[16Mar2025 04:55:14.076] [main/INFO] [net.minecraft.world.item.crafting.RecipeManager/]: Skipping loading recipe upgrade_aquatic:kelpy_cobblestone_bricks_from_kelp as it's serializer returned null
[16Mar2025 04:55:14.079] [main/INFO] [net.minecraft.world.item.crafting.RecipeManager/]: Skipping loading recipe upgrade_aquatic:kelpy_cobblestone_brick_slab as it's serializer returned null
[16Mar2025 04:55:14.081] [main/INFO] [net.minecraft.world.item.crafting.RecipeManager/]: Skipping loading recipe upgrade_aquatic:kelpy_cobblestone_tile_slab_from_kelpy_cobblestone_stonecutting as it's serializer returned null
[16Mar2025 04:55:14.083] [main/INFO] [net.minecraft.world.item.crafting.RecipeManager/]: Skipping loading recipe twilightforest:jeed/poison as it's serializer returned null
[16Mar2025 04:55:14.083] [main/ERROR] [net.minecraft.world.item.crafting.RecipeManager/]: Parsing error loading recipe medieval_deco:guitop: com.google.gson.JsonSyntaxException: Unknown item 'medieval_deco:guillotine_top'
[16Mar2025 04:55:14.085] [main/INFO] [net.minecraft.world.item.crafting.RecipeManager/]: Skipping loading recipe upgrade_aquatic:kelpy_cobblestone_tile_stairs_from_kelpy_cobblestone_tiles_stonecutting as it's serializer returned null
[16Mar2025 04:55:14.087] [main/INFO] [net.minecraft.world.item.crafting.RecipeManager/]: Skipping loading recipe upgrade_aquatic:kelpy_cobblestone_tile_stairs_from_kelpy_cobblestone_bricks_stonecutting as it's serializer returned null
[16Mar2025 04:55:14.088] [main/INFO] [net.minecraft.world.item.crafting.RecipeManager/]: Skipping loading recipe upgrade_aquatic:driftwood_ladder_from_driftwood_planks_sawing as it's serializer returned null
[16Mar2025 04:55:14.088] [main/INFO] [net.minecraft.world.item.crafting.RecipeManager/]: Skipping loading recipe upgrade_aquatic:kelpy_cobblestone_tile_wall_from_kelpy_cobblestone_tiles_stonecutting as it's serializer returned null
[16Mar2025 04:55:14.090] [main/INFO] [net.minecraft.world.item.crafting.RecipeManager/]: Skipping loading recipe upgrade_aquatic:driftwood_beehive as it's serializer returned null
[16Mar2025 04:55:14.102] [main/INFO] [net.minecraft.world.item.crafting.RecipeManager/]: Skipping loading recipe upgrade_aquatic:river_ladder_from_river_planks_sawing as it's serializer returned null
[16Mar2025 04:55:14.110] [main/INFO] [net.minecraft.world.item.crafting.RecipeManager/]: Skipping loading recipe upgrade_aquatic:river_sign_from_river_logs_sawing as it's serializer returned null
[16Mar2025 04:55:14.111] [main/INFO] [net.minecraft.world.item.crafting.RecipeManager/]: Skipping loading recipe upgrade_aquatic:river_chest as it's serializer returned null
[16Mar2025 04:55:14.115] [main/INFO] [net.minecraft.world.item.crafting.RecipeManager/]: Skipping loading recipe upgrade_aquatic:kelpy_cobblestone_brick_stairs_from_kelpy_cobblestone_bricks_stonecutting as it's serializer returned null
[16Mar2025 04:55:14.118] [main/INFO] [net.minecraft.world.item.crafting.RecipeManager/]: Skipping loading recipe upgrade_aquatic:large_river_boat as it's serializer returned null
[16Mar2025 04:55:14.122] [main/INFO] [net.minecraft.world.item.crafting.RecipeManager/]: Skipping loading recipe upgrade_aquatic:river_fence_from_river_logs_sawing as it's serializer returned null
[16Mar2025 04:55:14.123] [main/INFO] [net.minecraft.world.item.crafting.RecipeManager/]: Skipping loading recipe upgrade_aquatic:driftwood_fence_gate_from_driftwood_logs_sawing as it's serializer returned null
[16Mar2025 04:55:14.130] [main/INFO] [net.minecraft.world.item.crafting.RecipeManager/]: Skipping loading recipe upgrade_aquatic:driftwood_slab_from_driftwood_logs_sawing as it's serializer returned null
[16Mar2025 04:55:14.135] [main/INFO] [net.minecraft.world.item.crafting.RecipeManager/]: Skipping loading recipe upgrade_aquatic:river_leaf_pile as it's serializer returned null
[16Mar2025 04:55:14.139] [main/INFO] [net.minecraft.world.item.crafting.RecipeManager/]: Skipping loading recipe upgrade_aquatic:river_pressure_plate_from_river_logs_sawing as it's serializer returned null
[16Mar2025 04:55:14.139] [main/INFO] [net.minecraft.world.item.crafting.RecipeManager/]: Skipping loading recipe upgrade_aquatic:trapped_driftwood_chest as it's serializer returned null
[16Mar2025 04:55:14.142] [main/INFO] [net.minecraft.world.item.crafting.RecipeManager/]: Skipping loading recipe upgrade_aquatic:driftwood_fence_from_driftwood_logs_sawing as it's serializer returned null
[16Mar2025 04:55:14.143] [main/INFO] [net.minecraft.world.item.crafting.RecipeManager/]: Skipping loading recipe upgrade_aquatic:kelpy_cobblestone_tile_wall_from_kelpy_cobblestone_stonecutting as it's serializer returned null
[16Mar2025 04:55:14.146] [main/INFO] [net.minecraft.world.item.crafting.RecipeManager/]: Skipping loading recipe upgrade_aquatic:kelpy_cobblestone_bricks as it's serializer returned null
[16Mar2025 04:55:14.157] [main/INFO] [net.minecraft.world.item.crafting.RecipeManager/]: Skipping loading recipe upgrade_aquatic:river_leaves_from_leaf_piles as it's serializer returned null
[16Mar2025 04:55:14.163] [main/INFO] [net.minecraft.world.item.crafting.RecipeManager/]: Skipping loading recipe twilightforest:jeed/resistance as it's serializer returned null
[16Mar2025 04:55:14.164] [main/INFO] [net.minecraft.world.item.crafting.RecipeManager/]: Skipping loading recipe upgrade_aquatic:driftwood_planks_from_driftwood_logs_sawing as it's serializer returned null
[16Mar2025 04:55:14.165] [main/INFO] [net.minecraft.world.item.crafting.RecipeManager/]: Skipping loading recipe upgrade_aquatic:trapped_river_chest as it's serializer returned null
[16Mar2025 04:55:14.166] [main/INFO] [net.minecraft.world.item.crafting.RecipeManager/]: Skipping loading recipe upgrade_aquatic:river_bookshelf as it's serializer returned null
[16Mar2025 04:55:14.174] [main/INFO] [net.minecraft.world.item.crafting.RecipeManager/]: Skipping loading recipe upgrade_aquatic:kelpy_cobblestone_tile_stairs_from_kelpy_cobblestone_stonecutting as it's serializer returned null
[16Mar2025 04:55:14.174] [main/INFO] [net.minecraft.world.item.crafting.RecipeManager/]: Skipping loading recipe toolbelt:pouch_upgrade_5_via_sewing as it's serializer returned null
[16Mar2025 04:55:14.178] [main/INFO] [net.minecraft.world.item.crafting.RecipeManager/]: Skipping loading recipe upgrade_aquatic:driftwood_slab_from_driftwood_planks_sawing as it's serializer returned null
[16Mar2025 04:55:14.182] [main/INFO] [net.minecraft.world.item.crafting.RecipeManager/]: Skipping loading recipe toolbelt:belt_via_sewing as it's serializer returned null
[16Mar2025 04:55:14.183] [main/INFO] [net.minecraft.world.item.crafting.RecipeManager/]: Skipping loading recipe toolbelt:pouch_upgrade_6_via_sewing as it's serializer returned null
[16Mar2025 04:55:14.184] [main/INFO] [net.minecraft.world.item.crafting.RecipeManager/]: Skipping loading recipe upgrade_aquatic:kelpy_cobblestone_brick_wall_from_kelpy_cobblestone_stonecutting as it's serializer returned null
[16Mar2025 04:55:14.190] [main/INFO] [net.minecraft.world.item.crafting.RecipeManager/]: Skipping loading recipe upgrade_aquatic:river_ladder_from_river_logs_sawing as it's serializer returned null
[16Mar2025 04:55:14.191] [main/INFO] [net.minecraft.world.item.crafting.RecipeManager/]: Skipping loading recipe upgrade_aquatic:driftwood_chest as it's serializer returned null
[16Mar2025 04:55:14.195] [main/INFO] [net.minecraft.world.item.crafting.RecipeManager/]: Skipping loading recipe upgrade_aquatic:kelpy_cobblestone_tile_slab as it's serializer returned null
[16Mar2025 04:55:14.195] [main/INFO] [net.minecraft.world.item.crafting.RecipeManager/]: Skipping loading recipe toolbelt:pouch_via_sewing as it's serializer returned null
[16Mar2025 04:55:14.196] [main/INFO] [net.minecraft.world.item.crafting.RecipeManager/]: Skipping loading recipe upgrade_aquatic:kelpy_cobblestone_tiles_from_kelp as it's serializer returned null
[16Mar2025 04:55:14.202] [main/INFO] [net.minecraft.world.item.crafting.RecipeManager/]: Skipping loading recipe upgrade_aquatic:driftwood_ladder as it's serializer returned null
[16Mar2025 04:55:14.203] [main/INFO] [net.minecraft.world.item.crafting.RecipeManager/]: Skipping loading recipe upgrade_aquatic:river_planks_from_river_logs_sawing as it's serializer returned null
[16Mar2025 04:55:14.207] [main/INFO] [net.minecraft.world.item.crafting.RecipeManager/]: Skipping loading recipe upgrade_aquatic:kelpy_cobblestone_tile_slab_from_kelpy_cobblestone_bricks_stonecutting as it's serializer returned null
[16Mar2025 04:55:14.208] [main/INFO] [net.minecraft.world.item.crafting.RecipeManager/]: Skipping loading recipe upgrade_aquatic:driftwood_pressure_plate_from_driftwood_logs_sawing as it's serializer returned null
[16Mar2025 04:55:14.210] [main/INFO] [net.minecraft.world.item.crafting.RecipeManager/]: Skipping loading recipe upgrade_aquatic:river_trapdoor_from_river_logs_sawing as it's serializer returned null
[16Mar2025 04:55:14.211] [main/INFO] [net.minecraft.world.item.crafting.RecipeManager/]: Skipping loading recipe upgrade_aquatic:driftwood_trapdoor_from_driftwood_logs_sawing as it's serializer returned null
[16Mar2025 04:55:14.213] [main/ERROR] [net.minecraft.world.item.crafting.RecipeManager/]: Parsing error loading recipe medieval_craft_weapons:legionary_legginsc: com.google.gson.JsonSyntaxException: Unknown item 'medieval_craft_weapons:legionary_leggings'
[16Mar2025 04:55:14.214] [main/INFO] [net.minecraft.world.item.crafting.RecipeManager/]: Skipping loading recipe upgrade_aquatic:kelpy_cobblestone_bricks_from_kelpy_cobblestone_stonecutting as it's serializer returned null
[16Mar2025 04:55:14.216] [main/INFO] [net.minecraft.world.item.crafting.RecipeManager/]: Skipping loading recipe upgrade_aquatic:river_boards_from_river_logs_sawing as it's serializer returned null
[16Mar2025 04:55:14.217] [main/INFO] [net.minecraft.world.item.crafting.RecipeManager/]: Skipping loading recipe toolbelt:pouch_upgrade_2_via_sewing as it's serializer returned null
[16Mar2025 04:55:14.217] [main/INFO] [net.minecraft.world.item.crafting.RecipeManager/]: Skipping loading recipe upgrade_aquatic:kelpy_cobblestone_brick_slab_from_kelpy_cobblestone_stonecutting as it's serializer returned null
[16Mar2025 04:55:14.218] [main/INFO] [net.minecraft.world.item.crafting.RecipeManager/]: Skipping loading recipe upgrade_aquatic:river_stairs_from_river_logs_sawing as it's serializer returned null
[16Mar2025 04:55:14.221] [main/INFO] [net.minecraft.world.item.crafting.RecipeManager/]: Skipping loading recipe upgrade_aquatic:kelpy_cobblestone_brick_wall as it's serializer returned null
[16Mar2025 04:55:14.222] [main/INFO] [net.minecraft.world.item.crafting.RecipeManager/]: Skipping loading recipe upgrade_aquatic:driftwood_stairs_from_driftwood_planks_sawing as it's serializer returned null
[16Mar2025 04:55:14.223] [main/INFO] [net.minecraft.world.item.crafting.RecipeManager/]: Skipping loading recipe upgrade_aquatic:kelpy_cobblestone_brick_slab_from_kelpy_cobblestone_bricks_stonecutting as it's serializer returned null
[16Mar2025 04:55:14.223] [main/INFO] [net.minecraft.world.item.crafting.RecipeManager/]: Skipping loading recipe upgrade_aquatic:river_fence_gate_from_river_logs_sawing as it's serializer returned null
[16Mar2025 04:55:14.225] [main/INFO] [net.minecraft.world.item.crafting.RecipeManager/]: Skipping loading recipe upgrade_aquatic:driftwood_button_from_driftwood_logs_sawing as it's serializer returned null
[16Mar2025 04:55:14.227] [main/INFO] [net.minecraft.world.item.crafting.RecipeManager/]: Skipping loading recipe upgrade_aquatic:kelpy_cobblestone_brick_stairs as it's serializer returned null
[16Mar2025 04:55:14.227] [main/INFO] [net.minecraft.world.item.crafting.RecipeManager/]: Skipping loading recipe twilightforest:jeed/regeneration as it's serializer returned null
[16Mar2025 04:55:14.228] [main/INFO] [net.minecraft.world.item.crafting.RecipeManager/]: Skipping loading recipe upgrade_aquatic:large_driftwood_boat as it's serializer returned null
[16Mar2025 04:55:14.229] [main/INFO] [net.minecraft.world.item.crafting.RecipeManager/]: Skipping loading recipe upgrade_aquatic:kelpy_cobblestone_tiles_from_kelpy_cobblestone_bricks_stonecutting as it's serializer returned null
[16Mar2025 04:55:14.230] [main/INFO] [net.minecraft.world.item.crafting.RecipeManager/]: Skipping loading recipe twilightforest:jeed/slowness as it's serializer returned null
[16Mar2025 04:55:14.236] [main/INFO] [net.minecraft.world.item.crafting.RecipeManager/]: Skipping loading recipe upgrade_aquatic:driftwood_door_from_driftwood_logs_sawing as it's serializer returned null
[16Mar2025 04:55:14.243] [main/INFO] [net.minecraft.world.item.crafting.RecipeManager/]: Skipping loading recipe upgrade_aquatic:driftwood_bookshelf as it's serializer returned null
[16Mar2025 04:55:14.247] [main/INFO] [net.minecraft.world.item.crafting.RecipeManager/]: Skipping loading recipe twilightforest:jeed/fire_resistance as it's serializer returned null
[16Mar2025 04:55:14.247] [main/INFO] [net.minecraft.world.item.crafting.RecipeManager/]: Skipping loading recipe upgrade_aquatic:driftwood_stairs_from_driftwood_logs_sawing as it's serializer returned null
[16Mar2025 04:55:14.265] [main/INFO] [net.minecraft.world.item.crafting.RecipeManager/]: Loaded 29 recipes
[16Mar2025 04:55:14.285] [main/INFO] [com.teamabnormals.blueprint.core.Blueprint/]: Advancement Modification Manager has loaded 8 modifier groups
[16Mar2025 04:55:14.692] [main/ERROR] [net.minecraft.server.ServerAdvancementManager/]: Parsing error loading custom advancement minecraft:main/tame_barina: Failed to parse 'location' field
[16Mar2025 04:55:14.698] [main/ERROR] [net.minecraft.server.ServerAdvancementManager/]: Parsing error loading custom advancement medieval_craft_structures:kingofengland: Expected item to be an item, was unknown string 'medieval_craft:excalibur_sword'
[16Mar2025 04:55:14.769] [main/INFO] [net.minecraft.advancements.AdvancementList/]: Loaded 7188 advancements
[16Mar2025 04:55:14.787] [main/INFO] [placebo/]: Registered 0 additional recipes.
[16Mar2025 04:55:14.801] [main/WARN] [net.minecraftforge.common.loot.LootModifierManager/]: Unable to decode loot conditions
com.google.gson.JsonSyntaxException: Unknown type 'minecraft:alternatives'
	at net.minecraft.world.level.storage.loot.GsonAdapterFactory$JsonAdapter.deserialize(GsonAdapterFactory.java:99) ~[server-1.20.1-20230612.114412-srg.jar%23539!/:?]
	at com.google.gson.internal.bind.TreeTypeAdapter.read(TreeTypeAdapter.java:76) ~[gson-2.10.jar%2372!/:?]
	at com.google.gson.internal.bind.TypeAdapterRuntimeTypeWrapper.read(TypeAdapterRuntimeTypeWrapper.java:40) ~[gson-2.10.jar%2372!/:?]
	at com.google.gson.internal.bind.ArrayTypeAdapter.read(ArrayTypeAdapter.java:72) ~[gson-2.10.jar%2372!/:?]
	at com.google.gson.Gson.fromJson(Gson.java:1214) ~[gson-2.10.jar%2372!/:?]
	at com.google.gson.Gson.fromJson(Gson.java:1319) ~[gson-2.10.jar%2372!/:?]
	at com.google.gson.Gson.fromJson(Gson.java:1261) ~[gson-2.10.jar%2372!/:?]
	at net.minecraftforge.common.loot.IGlobalLootModifier.lambda$static$1(IGlobalLootModifier.java:39) ~[forge-1.20.1-47.3.0-universal.jar%23544!/:?]
	at com.mojang.serialization.Decoder$1.lambda$decode$1(Decoder.java:49) ~[datafixerupper-6.0.8.jar%2377!/:?]
	at com.mojang.serialization.DataResult.lambda$flatMap$11(DataResult.java:139) ~[datafixerupper-6.0.8.jar%2377!/:?]
	at com.mojang.datafixers.util.Either$Left.map(Either.java:38) ~[datafixerupper-6.0.8.jar%2377!/:?]
	at com.mojang.serialization.DataResult.flatMap(DataResult.java:137) ~[datafixerupper-6.0.8.jar%2377!/:?]
	at com.mojang.serialization.Decoder$1.decode(Decoder.java:49) ~[datafixerupper-6.0.8.jar%2377!/:?]
	at com.mojang.serialization.Codec$2.decode(Codec.java:71) ~[datafixerupper-6.0.8.jar%2377!/:?]
	at com.mojang.serialization.Decoder.parse(Decoder.java:18) ~[datafixerupper-6.0.8.jar%2377!/:?]
	at com.mojang.serialization.codecs.FieldDecoder.decode(FieldDecoder.java:29) ~[datafixerupper-6.0.8.jar%2377!/:?]
	at com.mojang.serialization.MapCodec$1.decode(MapCodec.java:34) ~[datafixerupper-6.0.8.jar%2377!/:?]
	at com.mojang.serialization.codecs.RecordCodecBuilder$Instance$5.decode(RecordCodecBuilder.java:323) ~[datafixerupper-6.0.8.jar%2377!/:?]
	at com.mojang.serialization.codecs.RecordCodecBuilder$2.decode(RecordCodecBuilder.java:107) ~[datafixerupper-6.0.8.jar%2377!/:?]
	at com.mojang.serialization.codecs.KeyDispatchCodec.lambda$decode$3(KeyDispatchCodec.java:67) ~[datafixerupper-6.0.8.jar%2377!/:?]
	at com.mojang.serialization.DataResult.lambda$flatMap$11(DataResult.java:139) ~[datafixerupper-6.0.8.jar%2377!/:?]
	at com.mojang.datafixers.util.Either$Left.map(Either.java:38) ~[datafixerupper-6.0.8.jar%2377!/:?]
	at com.mojang.serialization.DataResult.flatMap(DataResult.java:137) ~[datafixerupper-6.0.8.jar%2377!/:?]
	at com.mojang.serialization.codecs.KeyDispatchCodec.lambda$decode$4(KeyDispatchCodec.java:58) ~[datafixerupper-6.0.8.jar%2377!/:?]
	at com.mojang.serialization.DataResult.lambda$flatMap$11(DataResult.java:139) ~[datafixerupper-6.0.8.jar%2377!/:?]
	at com.mojang.datafixers.util.Either$Left.map(Either.java:38) ~[datafixerupper-6.0.8.jar%2377!/:?]
	at com.mojang.serialization.DataResult.flatMap(DataResult.java:137) ~[datafixerupper-6.0.8.jar%2377!/:?]
	at com.mojang.serialization.codecs.KeyDispatchCodec.decode(KeyDispatchCodec.java:56) ~[datafixerupper-6.0.8.jar%2377!/:?]
	at com.mojang.serialization.MapDecoder.lambda$compressedDecode$1(MapDecoder.java:52) ~[datafixerupper-6.0.8.jar%2377!/:?]
	at com.mojang.serialization.DataResult.lambda$flatMap$11(DataResult.java:139) ~[datafixerupper-6.0.8.jar%2377!/:?]
	at com.mojang.datafixers.util.Either$Left.map(Either.java:38) ~[datafixerupper-6.0.8.jar%2377!/:?]
	at com.mojang.serialization.DataResult.flatMap(DataResult.java:137) ~[datafixerupper-6.0.8.jar%2377!/:?]
	at com.mojang.serialization.MapDecoder.compressedDecode(MapDecoder.java:52) ~[datafixerupper-6.0.8.jar%2377!/:?]
	at com.mojang.serialization.MapCodec$MapCodecCodec.decode(MapCodec.java:91) ~[datafixerupper-6.0.8.jar%2377!/:?]
	at com.mojang.serialization.Decoder.parse(Decoder.java:18) ~[datafixerupper-6.0.8.jar%2377!/:?]
	at net.minecraftforge.common.loot.LootModifierManager.apply(LootModifierManager.java:79) ~[forge-1.20.1-47.3.0-universal.jar%23544!/:?]
	at net.minecraftforge.common.loot.LootModifierManager.m_5787_(LootModifierManager.java:38) ~[forge-1.20.1-47.3.0-universal.jar%23544!/:?]
	at net.minecraft.server.packs.resources.SimplePreparableReloadListener.m_10789_(SimplePreparableReloadListener.java:13) ~[server-1.20.1-20230612.114412-srg.jar%23539!/:?]
	at java.util.concurrent.CompletableFuture$UniAccept.tryFire(CompletableFuture.java:718) ~[?:?]
	at java.util.concurrent.CompletableFuture$Completion.run(CompletableFuture.java:482) ~[?:?]
	at net.minecraft.server.packs.resources.SimpleReloadInstance.m_143940_(SimpleReloadInstance.java:69) ~[server-1.20.1-20230612.114412-srg.jar%23539!/:?]
	at net.minecraft.Util.m_214652_(Util.java:783) ~[server-1.20.1-20230612.114412-srg.jar%23539!/:?]
	at net.minecraft.Util.m_214679_(Util.java:772) ~[server-1.20.1-20230612.114412-srg.jar%23539!/:?]
	at net.minecraft.server.Main.main(Main.java:166) ~[server-1.20.1-20230612.114412-srg.jar%23539!/:?]
	at jdk.internal.reflect.NativeMethodAccessorImpl.invoke0(Native Method) ~[?:?]
	at jdk.internal.reflect.NativeMethodAccessorImpl.invoke(NativeMethodAccessorImpl.java:77) ~[?:?]
	at jdk.internal.reflect.DelegatingMethodAccessorImpl.invoke(DelegatingMethodAccessorImpl.java:43) ~[?:?]
	at java.lang.reflect.Method.invoke(Method.java:569) ~[?:?]
	at net.minecraftforge.fml.loading.targets.CommonLaunchHandler.runTarget(CommonLaunchHandler.java:111) ~[fmlloader-1.20.1-47.3.0.jar%2369!/:?]
	at net.minecraftforge.fml.loading.targets.CommonLaunchHandler.serverService(CommonLaunchHandler.java:103) ~[fmlloader-1.20.1-47.3.0.jar%2369!/:?]
	at net.minecraftforge.fml.loading.targets.CommonServerLaunchHandler.lambda$makeService$0(CommonServerLaunchHandler.java:27) ~[fmlloader-1.20.1-47.3.0.jar%2369!/:?]
	at cpw.mods.modlauncher.LaunchServiceHandlerDecorator.launch(LaunchServiceHandlerDecorator.java:30) ~[modlauncher-10.0.9.jar%2355!/:?]
	at cpw.mods.modlauncher.LaunchServiceHandler.launch(LaunchServiceHandler.java:53) ~[modlauncher-10.0.9.jar%2355!/:?]
	at cpw.mods.modlauncher.LaunchServiceHandler.launch(LaunchServiceHandler.java:71) ~[modlauncher-10.0.9.jar%2355!/:?]
	at cpw.mods.modlauncher.Launcher.run(Launcher.java:108) ~[modlauncher-10.0.9.jar%2355!/:?]
	at cpw.mods.modlauncher.Launcher.main(Launcher.java:78) ~[modlauncher-10.0.9.jar%2355!/:?]
	at cpw.mods.modlauncher.BootstrapLaunchConsumer.accept(BootstrapLaunchConsumer.java:26) ~[modlauncher-10.0.9.jar%2355!/:?]
	at cpw.mods.modlauncher.BootstrapLaunchConsumer.accept(BootstrapLaunchConsumer.java:23) ~[modlauncher-10.0.9.jar%2355!/:?]
	at cpw.mods.bootstraplauncher.BootstrapLauncher.main(BootstrapLauncher.java:141) ~[bootstraplauncher-1.1.2.jar:?]
[16Mar2025 04:55:14.806] [main/WARN] [net.minecraftforge.common.loot.LootModifierManager/]: Could not decode GlobalLootModifier with json id nethersdelight:chopping_leather - error: Unknown type 'minecraft:alternatives'
[16Mar2025 04:55:14.807] [main/WARN] [net.minecraftforge.common.loot.LootModifierManager/]: Unable to decode loot conditions
com.google.gson.JsonSyntaxException: Unknown type 'minecraft:alternative'
	at net.minecraft.world.level.storage.loot.GsonAdapterFactory$JsonAdapter.deserialize(GsonAdapterFactory.java:99) ~[server-1.20.1-20230612.114412-srg.jar%23539!/:?]
	at com.google.gson.internal.bind.TreeTypeAdapter.read(TreeTypeAdapter.java:76) ~[gson-2.10.jar%2372!/:?]
	at com.google.gson.internal.bind.TypeAdapterRuntimeTypeWrapper.read(TypeAdapterRuntimeTypeWrapper.java:40) ~[gson-2.10.jar%2372!/:?]
	at com.google.gson.internal.bind.ArrayTypeAdapter.read(ArrayTypeAdapter.java:72) ~[gson-2.10.jar%2372!/:?]
	at com.google.gson.Gson.fromJson(Gson.java:1214) ~[gson-2.10.jar%2372!/:?]
	at com.google.gson.Gson.fromJson(Gson.java:1319) ~[gson-2.10.jar%2372!/:?]
	at com.google.gson.Gson.fromJson(Gson.java:1261) ~[gson-2.10.jar%2372!/:?]
	at net.minecraftforge.common.loot.IGlobalLootModifier.lambda$static$1(IGlobalLootModifier.java:39) ~[forge-1.20.1-47.3.0-universal.jar%23544!/:?]
	at com.mojang.serialization.Decoder$1.lambda$decode$1(Decoder.java:49) ~[datafixerupper-6.0.8.jar%2377!/:?]
	at com.mojang.serialization.DataResult.lambda$flatMap$11(DataResult.java:139) ~[datafixerupper-6.0.8.jar%2377!/:?]
	at com.mojang.datafixers.util.Either$Left.map(Either.java:38) ~[datafixerupper-6.0.8.jar%2377!/:?]
	at com.mojang.serialization.DataResult.flatMap(DataResult.java:137) ~[datafixerupper-6.0.8.jar%2377!/:?]
	at com.mojang.serialization.Decoder$1.decode(Decoder.java:49) ~[datafixerupper-6.0.8.jar%2377!/:?]
	at com.mojang.serialization.Codec$2.decode(Codec.java:71) ~[datafixerupper-6.0.8.jar%2377!/:?]
	at com.mojang.serialization.Decoder.parse(Decoder.java:18) ~[datafixerupper-6.0.8.jar%2377!/:?]
	at com.mojang.serialization.codecs.FieldDecoder.decode(FieldDecoder.java:29) ~[datafixerupper-6.0.8.jar%2377!/:?]
	at com.mojang.serialization.MapCodec$1.decode(MapCodec.java:34) ~[datafixerupper-6.0.8.jar%2377!/:?]
	at com.mojang.serialization.codecs.RecordCodecBuilder$Instance$5.decode(RecordCodecBuilder.java:323) ~[datafixerupper-6.0.8.jar%2377!/:?]
	at com.mojang.serialization.codecs.RecordCodecBuilder$2.decode(RecordCodecBuilder.java:107) ~[datafixerupper-6.0.8.jar%2377!/:?]
	at com.mojang.serialization.codecs.KeyDispatchCodec.lambda$decode$3(KeyDispatchCodec.java:67) ~[datafixerupper-6.0.8.jar%2377!/:?]
	at com.mojang.serialization.DataResult.lambda$flatMap$11(DataResult.java:139) ~[datafixerupper-6.0.8.jar%2377!/:?]
	at com.mojang.datafixers.util.Either$Left.map(Either.java:38) ~[datafixerupper-6.0.8.jar%2377!/:?]
	at com.mojang.serialization.DataResult.flatMap(DataResult.java:137) ~[datafixerupper-6.0.8.jar%2377!/:?]
	at com.mojang.serialization.codecs.KeyDispatchCodec.lambda$decode$4(KeyDispatchCodec.java:58) ~[datafixerupper-6.0.8.jar%2377!/:?]
	at com.mojang.serialization.DataResult.lambda$flatMap$11(DataResult.java:139) ~[datafixerupper-6.0.8.jar%2377!/:?]
	at com.mojang.datafixers.util.Either$Left.map(Either.java:38) ~[datafixerupper-6.0.8.jar%2377!/:?]
	at com.mojang.serialization.DataResult.flatMap(DataResult.java:137) ~[datafixerupper-6.0.8.jar%2377!/:?]
	at com.mojang.serialization.codecs.KeyDispatchCodec.decode(KeyDispatchCodec.java:56) ~[datafixerupper-6.0.8.jar%2377!/:?]
	at com.mojang.serialization.MapDecoder.lambda$compressedDecode$1(MapDecoder.java:52) ~[datafixerupper-6.0.8.jar%2377!/:?]
	at com.mojang.serialization.DataResult.lambda$flatMap$11(DataResult.java:139) ~[datafixerupper-6.0.8.jar%2377!/:?]
	at com.mojang.datafixers.util.Either$Left.map(Either.java:38) ~[datafixerupper-6.0.8.jar%2377!/:?]
	at com.mojang.serialization.DataResult.flatMap(DataResult.java:137) ~[datafixerupper-6.0.8.jar%2377!/:?]
	at com.mojang.serialization.MapDecoder.compressedDecode(MapDecoder.java:52) ~[datafixerupper-6.0.8.jar%2377!/:?]
	at com.mojang.serialization.MapCodec$MapCodecCodec.decode(MapCodec.java:91) ~[datafixerupper-6.0.8.jar%2377!/:?]
	at com.mojang.serialization.Decoder.parse(Decoder.java:18) ~[datafixerupper-6.0.8.jar%2377!/:?]
	at net.minecraftforge.common.loot.LootModifierManager.apply(LootModifierManager.java:79) ~[forge-1.20.1-47.3.0-universal.jar%23544!/:?]
	at net.minecraftforge.common.loot.LootModifierManager.m_5787_(LootModifierManager.java:38) ~[forge-1.20.1-47.3.0-universal.jar%23544!/:?]
	at net.minecraft.server.packs.resources.SimplePreparableReloadListener.m_10789_(SimplePreparableReloadListener.java:13) ~[server-1.20.1-20230612.114412-srg.jar%23539!/:?]
	at java.util.concurrent.CompletableFuture$UniAccept.tryFire(CompletableFuture.java:718) ~[?:?]
	at java.util.concurrent.CompletableFuture$Completion.run(CompletableFuture.java:482) ~[?:?]
	at net.minecraft.server.packs.resources.SimpleReloadInstance.m_143940_(SimpleReloadInstance.java:69) ~[server-1.20.1-20230612.114412-srg.jar%23539!/:?]
	at net.minecraft.Util.m_214652_(Util.java:783) ~[server-1.20.1-20230612.114412-srg.jar%23539!/:?]
	at net.minecraft.Util.m_214679_(Util.java:772) ~[server-1.20.1-20230612.114412-srg.jar%23539!/:?]
	at net.minecraft.server.Main.main(Main.java:166) ~[server-1.20.1-20230612.114412-srg.jar%23539!/:?]
	at jdk.internal.reflect.NativeMethodAccessorImpl.invoke0(Native Method) ~[?:?]
	at jdk.internal.reflect.NativeMethodAccessorImpl.invoke(NativeMethodAccessorImpl.java:77) ~[?:?]
	at jdk.internal.reflect.DelegatingMethodAccessorImpl.invoke(DelegatingMethodAccessorImpl.java:43) ~[?:?]
	at java.lang.reflect.Method.invoke(Method.java:569) ~[?:?]
	at net.minecraftforge.fml.loading.targets.CommonLaunchHandler.runTarget(CommonLaunchHandler.java:111) ~[fmlloader-1.20.1-47.3.0.jar%2369!/:?]
	at net.minecraftforge.fml.loading.targets.CommonLaunchHandler.serverService(CommonLaunchHandler.java:103) ~[fmlloader-1.20.1-47.3.0.jar%2369!/:?]
	at net.minecraftforge.fml.loading.targets.CommonServerLaunchHandler.lambda$makeService$0(CommonServerLaunchHandler.java:27) ~[fmlloader-1.20.1-47.3.0.jar%2369!/:?]
	at cpw.mods.modlauncher.LaunchServiceHandlerDecorator.launch(LaunchServiceHandlerDecorator.java:30) ~[modlauncher-10.0.9.jar%2355!/:?]
	at cpw.mods.modlauncher.LaunchServiceHandler.launch(LaunchServiceHandler.java:53) ~[modlauncher-10.0.9.jar%2355!/:?]
	at cpw.mods.modlauncher.LaunchServiceHandler.launch(LaunchServiceHandler.java:71) ~[modlauncher-10.0.9.jar%2355!/:?]
	at cpw.mods.modlauncher.Launcher.run(Launcher.java:108) ~[modlauncher-10.0.9.jar%2355!/:?]
	at cpw.mods.modlauncher.Launcher.main(Launcher.java:78) ~[modlauncher-10.0.9.jar%2355!/:?]
	at cpw.mods.modlauncher.BootstrapLaunchConsumer.accept(BootstrapLaunchConsumer.java:26) ~[modlauncher-10.0.9.jar%2355!/:?]
	at cpw.mods.modlauncher.BootstrapLaunchConsumer.accept(BootstrapLaunchConsumer.java:23) ~[modlauncher-10.0.9.jar%2355!/:?]
	at cpw.mods.bootstraplauncher.BootstrapLauncher.main(BootstrapLauncher.java:141) ~[bootstraplauncher-1.1.2.jar:?]
[16Mar2025 04:55:14.809] [main/WARN] [net.minecraftforge.common.loot.LootModifierManager/]: Could not decode GlobalLootModifier with json id nethersdelight:chopping_string - error: Unknown type 'minecraft:alternative'
[16Mar2025 04:55:14.815] [main/INFO] [com.peeko32213.unusualprehistory.common.data.AnalyzerRecipeJsonManager/]: Data loader for unusualprehistory/analyzer loaded 17 jsons
[16Mar2025 04:55:14.816] [main/INFO] [com.peeko32213.unusualprehistory.common.data.LootFruitJsonManager/]: Data loader for unusualprehistory/trades loaded 4 jsons
[16Mar2025 04:55:14.836] [main/INFO] [com.peeko32213.unusualprehistory.common.data.EncyclopediaJsonManager/]: Data loader for unusualprehistory/encyclopedia loaded 55 jsons
[16Mar2025 04:55:14.852] [main/ERROR] [net.blay09.mods.kleeslabs.KleeSlabs/]: Slab biomesoplenty:empyreal_slab could not be found.
[16Mar2025 04:55:14.853] [main/ERROR] [net.blay09.mods.kleeslabs.KleeSlabs/]: Slab biomesoplenty:maple_slab could not be found.
[16Mar2025 04:55:14.853] [main/ERROR] [net.blay09.mods.kleeslabs.KleeSlabs/]: Slab biomesoplenty:pine_slab could not be found.
[16Mar2025 04:55:14.856] [main/ERROR] [net.blay09.mods.kleeslabs.KleeSlabs/]: Slab upgrade_aquatic:ochre_kelpy_cobblestone_slab could not be found.
[16Mar2025 04:55:14.856] [main/ERROR] [net.blay09.mods.kleeslabs.KleeSlabs/]: Slab upgrade_aquatic:ochre_kelpy_stone_brick_slab could not be found.
[16Mar2025 04:55:14.856] [main/ERROR] [net.blay09.mods.kleeslabs.KleeSlabs/]: Slab upgrade_aquatic:polar_kelpy_cobblestone_slab could not be found.
[16Mar2025 04:55:14.856] [main/ERROR] [net.blay09.mods.kleeslabs.KleeSlabs/]: Slab upgrade_aquatic:polar_kelpy_stone_brick_slab could not be found.
[16Mar2025 04:55:14.856] [main/ERROR] [net.blay09.mods.kleeslabs.KleeSlabs/]: Slab upgrade_aquatic:thorny_kelpy_cobblestone_slab could not be found.
[16Mar2025 04:55:14.856] [main/ERROR] [net.blay09.mods.kleeslabs.KleeSlabs/]: Slab upgrade_aquatic:thorny_kelpy_stone_brick_slab could not be found.
[16Mar2025 04:55:14.856] [main/ERROR] [net.blay09.mods.kleeslabs.KleeSlabs/]: Slab upgrade_aquatic:tongue_kelpy_cobblestone_slab could not be found.
[16Mar2025 04:55:14.856] [main/ERROR] [net.blay09.mods.kleeslabs.KleeSlabs/]: Slab upgrade_aquatic:tongue_kelpy_stone_brick_slab could not be found.
[16Mar2025 04:55:14.860] [main/INFO] [twilightforest/]: Loaded 9 Stalactite configs!
[16Mar2025 04:55:14.883] [main/INFO] [top.theillusivec4.curios.Curios/]: Loaded 13 curio slots
[16Mar2025 04:55:14.897] [main/INFO] [top.theillusivec4.curios.Curios/]: Loaded 10 curio entities
[16Mar2025 04:55:14.899] [main/INFO] [Dungeon Crawl/]: Loading data...
[16Mar2025 04:55:15.314] [main/INFO] [Dungeon Crawl/]: Done.
[16Mar2025 04:55:15.314] [main/INFO] [com.teamabnormals.blueprint.core.Blueprint/]: Chunk Generator Modification Manager has loaded 0 modifier groups
[16Mar2025 04:55:15.329] [main/INFO] [placebo/]: Registered 0 gear_sets.
[16Mar2025 04:55:15.354] [main/WARN] [net.minecraft.core.MappedRegistry/]: Not all defined tags for registry ResourceKey[minecraft:root / minecraft:worldgen/biome] are present in data pack: farmers_structures:is_quark_glimer_spawn, minecraft:is_swamp, quark:has_fallen_jungle
[16Mar2025 04:55:15.389] [main/WARN] [net.minecraftforge.registries.NamespacedWrapper/]: Not all defined tags for registry ResourceKey[minecraft:root / minecraft:block] are present in data pack: netherexp:sounds/polished_blackstone
[16Mar2025 04:55:16.330] [Server thread/INFO] [net.minecraft.server.dedicated.DedicatedServer/]: Starting minecraft server version 1.20.1
[16Mar2025 04:55:16.331] [Server thread/INFO] [net.minecraft.server.dedicated.DedicatedServer/]: Loading properties
[16Mar2025 04:55:16.332] [Server thread/INFO] [net.minecraft.server.dedicated.DedicatedServer/]: Default game type: SURVIVAL
[16Mar2025 04:55:16.332] [Server thread/INFO] [net.minecraft.server.MinecraftServer/]: Generating keypair
[16Mar2025 04:55:16.428] [Server thread/INFO] [net.minecraft.server.dedicated.DedicatedServer/]: Starting Minecraft server on *:25565
[16Mar2025 04:55:16.478] [Server thread/INFO] [net.minecraft.server.network.ServerConnectionListener/]: Using epoll channel type
[16Mar2025 04:55:16.611] [Server thread/INFO] [Puzzles Lib/]: Loading server config for easyanvils
[16Mar2025 04:55:16.615] [Server thread/INFO] [Puzzles Lib/]: Loading server config for netherchested
[16Mar2025 04:55:16.618] [Server thread/INFO] [Puzzles Lib/]: Loading server config for puzzlesapi
[16Mar2025 04:55:16.622] [Server thread/INFO] [Puzzles Lib/]: Loading server config for universalbonemeal
[16Mar2025 04:55:16.635] [Server thread/INFO] [Puzzles Lib/]: Loading server config for illagerinvasion
[16Mar2025 04:55:16.685] [Server thread/INFO] [journeymap/]: Loading JourneyMap Forge Configs
[16Mar2025 04:55:16.974] [Server thread/INFO] [FTB Teams/]: loaded team data: 2 known players, 2 teams total
[16Mar2025 04:55:16.986] [Server thread/INFO] [portb.configlib.ConfigLib/]: Reading stacksize ruleset
[16Mar2025 04:55:16.996] [Config file watcher thread/INFO] [portb.configlib.ConfigLib/]: Starting config file watcher
[16Mar2025 04:55:17.088] [Server thread/INFO] [spark/]: Starting background profiler...
[16Mar2025 04:55:17.734] [Server thread/INFO] [Framework/]: Loading server configs...
[16Mar2025 04:55:17.768] [Server thread/INFO] [terrablender/]: Initialized TerraBlender biomes for level stem minecraft:the_nether
[16Mar2025 04:55:18.417] [Server thread/INFO] [terrablender/]: Initialized TerraBlender biomes for level stem minecraft:overworld
[16Mar2025 04:55:18.420] [Server thread/INFO] [net.jadenxgamer.elysium_api.Elysium/]: ElysiumBiomeSource successfully initialized for minecraft:the_nether
[16Mar2025 04:55:18.421] [Server thread/INFO] [net.jadenxgamer.elysium_api.Elysium/]: ElysiumBiomeSource successfully initialized for minecraft:overworld
[16Mar2025 04:55:18.422] [Server thread/INFO] [net.minecraft.server.dedicated.DedicatedServer/]: Preparing level "world"
[16Mar2025 04:55:18.688] [Server thread/WARN] [mixin/]: Method overwrite conflict for m_140184_ in lithium.mixins.json:world.player_chunk_tick.ThreadedAnvilChunkStorageMixin, previously written by me.steinborn.krypton.mixin.shared.network.flushconsolidation.ThreadedAnvilChunkStorageMixin. Skipping method.
[16Mar2025 04:55:20.297] [Server thread/WARN] [net.minecraft.network.syncher.SynchedEntityData/]: defineId called for: class net.minecraft.world.entity.item.FallingBlockEntity from class com.peeko32213.unusualprehistory.common.entity.msc.projectile.ThrowableFallingBlockEntity
[16Mar2025 04:55:23.129] [Server thread/INFO] [net.minecraft.server.MinecraftServer/]: Preparing start region for dimension minecraft:overworld
[16Mar2025 04:55:23.133] [Server thread/WARN] [mixin/]: Method overwrite conflict for removeIf in lithium.mixins.json:world.chunk_tickets.SortedArraySetMixin, previously written by org.embeddedt.modernfix.common.mixin.bugfix.paper_chunk_patches.SortedArraySetMixin. Skipping method.
[16Mar2025 04:55:25.340] [Server thread/INFO] [net.minecraft.server.level.progress.LoggerChunkProgressListener/]: Preparing spawn area: 0%
[16Mar2025 04:55:25.341] [Server thread/INFO] [net.minecraft.server.level.progress.LoggerChunkProgressListener/]: Preparing spawn area: 0%
[16Mar2025 04:55:25.341] [Server thread/INFO] [net.minecraft.server.level.progress.LoggerChunkProgressListener/]: Preparing spawn area: 0%
[16Mar2025 04:55:25.341] [Server thread/INFO] [net.minecraft.server.level.progress.LoggerChunkProgressListener/]: Preparing spawn area: 0%
[16Mar2025 04:55:25.342] [Server thread/INFO] [net.minecraft.server.level.progress.LoggerChunkProgressListener/]: Preparing spawn area: 0%
[16Mar2025 04:55:25.642] [Server thread/INFO] [net.minecraft.server.level.progress.LoggerChunkProgressListener/]: Preparing spawn area: 0%
[16Mar2025 04:55:26.386] [Server thread/INFO] [net.minecraft.server.level.progress.LoggerChunkProgressListener/]: Preparing spawn area: 100%
[16Mar2025 04:55:26.441] [Server thread/INFO] [net.minecraft.server.level.progress.LoggerChunkProgressListener/]: Time elapsed: 3312 ms
[16Mar2025 04:55:26.442] [Server thread/INFO] [net.minecraft.server.dedicated.DedicatedServer/]: Done (9.835s)! For help, type "help"
[16Mar2025 04:55:26.566] [Server thread/INFO] [net.minecraftforge.server.permission.PermissionAPI/]: Successfully initialized permission handler forge:default_handler
[16Mar2025 04:55:26.614] [Server thread/INFO] [FTB Quests/]: Loading quests from /workspaces/Minecraft-Dinosaurios/servidor_minecraft/config/ftbquests/quests
[16Mar2025 04:55:26.667] [Server thread/INFO] [FTB Quests/]: Loaded 4 chapter groups, 6 chapters, 79 quests, 3 reward tables
[16Mar2025 04:55:26.689] [Server thread/WARN] [com.peeko32213.unusualprehistory.common.data.AnalyzerRecipeJsonManager/]: Item paleo_fossil for resourceLocation unusualprehistory:paleozoic_from_analyzing already has items assigned, adding more
[16Mar2025 04:55:26.689] [Server thread/WARN] [com.peeko32213.unusualprehistory.common.data.AnalyzerRecipeJsonManager/]: Item frozen_fossil_item for resourceLocation oddorganisms:frozen_fossil already has items assigned, adding more
[16Mar2025 04:55:26.689] [Server thread/WARN] [com.peeko32213.unusualprehistory.common.data.AnalyzerRecipeJsonManager/]: Item tar_fossil_item for resourceLocation unusualprehistory:tar_from_analyzing already has items assigned, adding more
[16Mar2025 04:55:26.689] [Server thread/INFO] [com.peeko32213.unusualprehistory.common.data.AnalyzerRecipeJsonManager/]: Registered 17 jsons with items!
[16Mar2025 04:55:26.693] [Server thread/INFO] [com.github.alexthe666.iceandfire.IceAndFire/]: {iceandfire:fire_dragon_roost=true, iceandfire:fire_lily=true, iceandfire:spawn_dragon_skeleton_fire=true, iceandfire:lightning_dragon_roost=true, iceandfire:spawn_dragon_skeleton_lightning=true, iceandfire:ice_dragon_roost=true, iceandfire:ice_dragon_cave=true, iceandfire:lightning_dragon_cave=true, iceandfire:cyclops_cave=true, iceandfire:spawn_wandering_cyclops=true, iceandfire:spawn_sea_serpent=true, iceandfire:frost_lily=true, iceandfire:hydra_cave=true, iceandfire:lightning_lily=true, iceandfire:pixie_village=true, iceandfire:myrmex_hive_jungle=true, iceandfire:myrmex_hive_desert=true, iceandfire:silver_ore=true, iceandfire:siren_island=true, iceandfire:spawn_dragon_skeleton_ice=true, iceandfire:spawn_stymphalian_bird=true, iceandfire:fire_dragon_cave=true, iceandfire:sapphire_ore=true, iceandfire:spawn_hippocampus=true, iceandfire:spawn_death_worm=true}
[16Mar2025 04:55:26.693] [Server thread/INFO] [com.github.alexthe666.iceandfire.IceAndFire/]: {TROLL_S=true, HIPPOGRYPH=true, AMPHITHERE=true, COCKATRICE=true, TROLL_M=true, DREAD_LICH=true, TROLL_F=true}
[16Mar2025 04:55:26.694] [Server thread/INFO] [com.cupboard.Cupboard/]: Loaded config for: betterfpsdist.json
[16Mar2025 04:55:26.695] [Server thread/INFO] [com.cupboard.Cupboard/]: Loaded config for: smoothchunk.json
[16Mar2025 04:55:26.695] [Server thread/INFO] [com.cupboard.Cupboard/]: Loaded config for: chunksending.json
[16Mar2025 04:55:26.697] [Server thread/INFO] [patchouli/]: Sending reload packet to clients
[16Mar2025 04:55:26.698] [Server thread/WARN] [ModernFix/]: Dedicated server took 74.809 seconds to load
[16Mar2025 04:55:26.721] [Server thread/INFO] [mixin/]: Mixing common.MixinServerStatus from mixins/common/nochatreports.mixins.json into net.minecraft.network.protocol.status.ServerStatus
[16Mar2025 04:56:00.157] [Netty Epoll Server IO #1/INFO] [mixin/]: Mixing server.MixinServerboundChatCommandPacket from mixins/common/nochatreports.mixins.json into net.minecraft.network.protocol.game.ServerboundChatCommandPacket
[16Mar2025 04:56:00.158] [Netty Epoll Server IO #1/INFO] [mixin/]: Mixing server.MixinServerboundChatPacket from mixins/common/nochatreports.mixins.json into net.minecraft.network.protocol.game.ServerboundChatPacket
[16Mar2025 04:56:00.160] [Netty Epoll Server IO #1/INFO] [mixin/]: Mixing server.MixinServerboundChatSessionUpdatePacket from mixins/common/nochatreports.mixins.json into net.minecraft.network.protocol.game.ServerboundChatSessionUpdatePacket
[16Mar2025 04:56:20.642] [User Authenticator #1/INFO] [net.minecraft.server.network.ServerLoginPacketListenerImpl/]: UUID of player TRY_KIMS is 5f3199fd-6670-4090-b2bc-f7f58130ab00
[16Mar2025 04:56:24.820] [Server thread/WARN] [net.minecraft.network.syncher.SynchedEntityData/]: defineId called for: class net.minecraft.world.entity.player.Player from class tschipp.carryon.common.carry.CarryOnDataManager
[16Mar2025 04:56:24.993] [Server thread/INFO] [net.minecraft.server.players.PlayerList/]: TRY_KIMS[/127.50.2.164:38475] logged in with entity id 1555 at (-115.71468343724625, 68.0, -45.189857851159836)
[16Mar2025 04:56:25.321] [Server thread/INFO] [net.minecraft.server.MinecraftServer/]: TRY_KIMS joined the game
[16Mar2025 04:56:25.666] [Server thread/INFO] [Jade/]: Syncing config to TRY_KIMS (5f3199fd-6670-4090-b2bc-f7f58130ab00)
[16Mar2025 04:57:44.262] [Server thread/INFO] [net.minecraft.server.network.ServerLoginPacketListenerImpl/]: com.mojang.authlib.GameProfile@1894fa1c[id=<null>,name=Donita1,properties={},legacy=false] (/127.200.165.114:35459) lost connection: Disconnected
[16Mar2025 04:58:49.856] [Server thread/INFO] [net.minecraft.server.network.ServerGamePacketListenerImpl/]: TRY_KIMS lost connection: Disconnected
[16Mar2025 04:58:49.857] [Server thread/INFO] [net.minecraft.server.MinecraftServer/]: TRY_KIMS left the game
[16Mar2025 04:58:58.454] [Server thread/INFO] [net.minecraft.server.network.ServerLoginPacketListenerImpl/]: com.mojang.authlib.GameProfile@32066802[id=<null>,name=Donita1,properties={},legacy=false] (/127.200.165.114:51881) lost connection: Timed out
[16Mar2025 04:59:17.558] [Server thread/INFO] [net.minecraft.server.MinecraftServer/]: Stopping the server
[16Mar2025 04:59:17.606] [Config file watcher thread/INFO] [portb.configlib.ConfigLib/]: Watcher has shut down
[16Mar2025 04:59:17.617] [Server thread/INFO] [net.minecraft.server.MinecraftServer/]: Stopping server
[16Mar2025 04:59:17.618] [Server thread/INFO] [net.minecraft.server.MinecraftServer/]: Saving players
[16Mar2025 04:59:17.618] [Server thread/INFO] [net.minecraft.server.MinecraftServer/]: Saving worlds
[16Mar2025 04:59:18.559] [Server thread/INFO] [net.minecraft.server.MinecraftServer/]: Saving chunks for level 'ServerLevel[world]'/minecraft:overworld
[16Mar2025 04:59:19.884] [Server thread/INFO] [net.minecraft.server.MinecraftServer/]: Saving chunks for level 'ServerLevel[world]'/deeperdarker:otherside
[16Mar2025 04:59:19.885] [Server thread/INFO] [net.minecraft.server.MinecraftServer/]: Saving chunks for level 'ServerLevel[world]'/minecraft:the_end
[16Mar2025 04:59:19.885] [Server thread/INFO] [net.minecraft.server.MinecraftServer/]: Saving chunks for level 'ServerLevel[world]'/minecraft:the_nether
[16Mar2025 04:59:19.886] [Server thread/INFO] [net.minecraft.server.MinecraftServer/]: Saving chunks for level 'ServerLevel[world]'/twilightforest:twilight_forest
[16Mar2025 04:59:20.028] [Server thread/INFO] [net.minecraft.server.MinecraftServer/]: ThreadedAnvilChunkStorage (world): All chunks are saved
[16Mar2025 04:59:20.028] [Server thread/INFO] [net.minecraft.server.MinecraftServer/]: ThreadedAnvilChunkStorage (otherside): All chunks are saved
[16Mar2025 04:59:20.028] [Server thread/INFO] [net.minecraft.server.MinecraftServer/]: ThreadedAnvilChunkStorage (DIM1): All chunks are saved
[16Mar2025 04:59:20.028] [Server thread/INFO] [net.minecraft.server.MinecraftServer/]: ThreadedAnvilChunkStorage (DIM-1): All chunks are saved
[16Mar2025 04:59:20.028] [Server thread/INFO] [net.minecraft.server.MinecraftServer/]: ThreadedAnvilChunkStorage (twilight_forest): All chunks are saved
[16Mar2025 04:59:20.028] [Server thread/INFO] [net.minecraft.server.MinecraftServer/]: ThreadedAnvilChunkStorage: All dimensions are saved
[16Mar2025 04:59:20.061] [Server thread/INFO] [Framework/]: Unloading server configs...
[16Mar2025 04:59:20.063] [Server thread/INFO] [Framework/]: Sending config unload event for refurbished_furniture.server.toml
[16Mar2025 04:59:20.066] [Server thread/INFO] [Framework/]: Sending config unload event for goblintraders-entities.toml
[16Mar2025 04:59:20.066] [Server thread/INFO] [Framework/]: Finished unloading server configs
[16Mar2025 04:59:20.159] [Server thread/INFO] [journeymap/]: Loading JourneyMap Forge Configs
